,금융회사,상품명,적립방식,세전이자율,세후이자율,세후이자(예시),최고우대금리,실질이자율,이자계산방식,기간,비교 공시일,담당부서 및 연락처,우대조건,가입대상.1,가입방법,만기후 이자율,기타유의사항,등급,cluster_num,우대사항정리,급여이체,마케팅동의,자동이체,카드실적,최초거래,주택청약,비대면,영업점,해당은행,이체횟수,만기,변동금리,이벤트,기타,나이,환경,신혼,반려인,직장인,여행
0,경남은행,BNK 위더스(With-us)자유적금,정액적립식,-,-,-,6.25%,3.8749361129591486,단리,6개월,2023-10-23,"리테일금융부(대출문의),055-290-8743 마케팅추진부(예·적금상품),1600-8585",①ESG 실천 우대금리 1.50% - 영업점 가입 및 증빙서류 지참 한하여 적용 (2023.8.17 ~ 2023.11.30 이후 0.5%) ②신규고객 우대금리 0.50% - 당행 1년 이내예적금(청약포함)신규해지 이력미보유 ③공동가입우대금리 1.50%,개인 및 개인사업자,모두가능,"만기후 1개월 이내: 일반정기예금 기본이율의 50%
만기후 1개월 초과: 일반정기예금 기본이율의 20%","1.계약기간은 1개월 이상 36개월 이내 월단위
2.1인 1계좌
3.매월 최소 1만원 이상, 최고 100만원 이하 (천원 단위)",2,5,"* 환경 : 0.5% [ ESG 영업점 가입 및 증빙서류 지참]
* 최초거래 : 0.5% [ 당행 1년이내 예적금 신규해지 이력 미보유 ] 
* 기타 : 1.5%",,,,,0.5%,,,,,,,,,1.5%,,0.5%,,,,
1,페퍼저축은행,AI Peppers 배구사랑 정기적금,정액적립식,6.00%,5.08%,"8,883",6.00%,3.726217094792683,단리,6개월,2023-01-16,예금담당자 03180159344 대출문의 15990722,우대사항 없음,"개인고객(당행 입출금 계좌 보유 고객 중 페퍼스타디움 방문 관람 시 제공된 쿠폰코드를 수령한 고객, 1인1계좌),
쿠폰 유효기간에 한함",온라인,"*신규가입일 당시 영업점 및 인터넷 홈페이지에 고시한 경과기간별 만기후이자율 적용
*만기 후 이자율
- 1개월 이내 (당초 약정금리 또는 만기시 동일상품 동일계약기간의 신규 약정금리 중 낮은 이율) 
- 1개월 초과 ~ (보통예금 이율)
- 납입지연 이율(만기앞당김 이율 기간별 정기적금 기본이율)","*최소가입금액: 1만원 이상
*최고한도(단위:원) 50만원(정액 적립식)",5,2,우대사항없음,,,,,,,,,,,,,,,,,,,,
2,페퍼저축은행,페퍼스 여행적금 with PAYCO,정액적립식,5.00%,4.23%,"7,403",5.00%,3.132406399118381,단리,6개월,2023-10-20,예금담당자 03180159344 대출문의 15990722,우대사항 없음,"개인 고객 - 당행 입출금계좌 보유 고객 - PAYCO 앱에서 진행하는 이벤트 참여 후 쿠폰코드를 수령한 고객(1인 1계좌) 단, 쿠폰 유효기간에 한함",온라인,"* 만기 후 1개월 이내 기간 : 최종 이율과 만기 시점 동일 상품 동일 계약기간의 신규 약정금리 중 낮은 금리를 적용
* 만기 후 1개월 초과 이후 기간 : 보통예금 이율(연 0.50%) 적용",최소가입금액: 1만원 이상,5,2,우대사항없음,,,,,,,,,,,,,,,,,,,,
3,한국투자저축은행,비대면 정기적금,정액적립식,4.35%,3.68%,"6,440",4.35%,2.7473435403887247,단리,6개월,2023-10-30,"예금/대출 문의 1577-6333, 공시부서(영업지원팀)031-788-0306",- 없음,제한없음,온라인,"- 1개월 이하 : 당초 약정이율과 만기시점 해당상품 신규약정이율 중 낮은 이율
- 1개월 초과 : 연 0.2%",- 없음,1,2,우대사항없음,,,,,,,,,,,,,,,,,,,,
4,한국투자저축은행,스마트뱅킹 정기적금,정액적립식,4.35%,3.68%,"6,440",4.35%,2.7473435403887247,단리,6개월,2023-10-30,"예금/대출 문의 1577-6333, 공시부서(영업지원팀)031-788-0306",- 없음,제한없음,온라인,"- 1개월 이하 : 당초 약정이율과 만기시점 해당상품 신규약정이율 중 낮은 이율
- 1개월 초과 : 연 0.2%",- 없음,1,2,우대사항없음,,,,,,,,,,,,,,,,,,,,
5,한국투자저축은행,스마트뱅킹 정기적금(자유적립식),자유적립식,4.35%,3.68%,-,4.35%,2.7473435403887247,단리,6개월,2023-10-30,"예금/대출 문의 1577-6333, 공시부서(영업지원팀)031-788-0306",- 없음,제한없음,온라인,"- 1개월 이하 : 당초 약정이율과 만기시점 해당상품 신규약정이율 중 낮은 이율
- 1개월 초과 : 연 0.2%",- 없음,1,2,우대사항없음,,,,,,,,,,,,,,,,,,,,
6,한국투자저축은행,인터넷정기적금,정액적립식,4.35%,3.68%,"6,440",4.35%,2.7473435403887247,단리,6개월,2023-10-30,"예금/대출 문의 1577-6333, 공시부서(영업지원팀)031-788-0306",- 없음,제한없음,온라인,"- 1개월 이하 : 당초 약정이율과 만기시점 해당상품 신규약정이율 중 낮은 이율
- 1개월 초과 : 연 0.2%",- 없음,1,2,우대사항없음,,,,,,,,,,,,,,,,,,,,
7,한국투자저축은행,인터넷정기적금(자유적립식),자유적립식,4.35%,3.68%,-,4.35%,2.7473435403887247,단리,6개월,2023-10-30,"예금/대출 문의 1577-6333, 공시부서(영업지원팀)031-788-0306",- 없음,제한없음,온라인,"- 1개월 이하 : 당초 약정이율과 만기시점 해당상품 신규약정이율 중 낮은 이율
- 1개월 초과 : 연 0.2%",- 없음,1,2,우대사항없음,,,,,,,,,,,,,,,,,,,,
8,안국저축은행,정기적금,정액적립식,4.30%,3.64%,"6,366",4.30%,2.7177531510421904,단리,6개월,2023-10-31,"(여신팀,031-941-7271)",없음,제한없음,영업점,0.002,없음,5,1,우대사항없음,,,,,,,,,,,,,,,,,,,,
9,안국저축은행,정기적금(비대면),정액적립식,4.30%,3.64%,"6,366",4.30%,2.7177531510421904,단리,6개월,2023-10-31,"(여신팀,031-941-7271)",없음,제한없음,온라인,0.002,없음,5,2,우대사항없음,,,,,,,,,,,,,,,,,,,,
10,안국저축은행,e-정기적금,정액적립식,4.30%,3.64%,"6,366",4.30%,2.7177531510421904,단리,6개월,2023-10-31,"(여신팀,031-941-7271)",없음,제한없음,온라인,0.002,없음,5,2,우대사항없음,,,,,,,,,,,,,,,,,,,,
11,오투저축은행,정기적금,자유적립식,4.30%,3.64%,-,4.30%,2.7177531510421904,단리,6개월,2023-11-06,수신팀 (042-712-0260),-,제한없음,영업점,"1. 2019년 7월 1일 이전 신규
-보통예금 이율

2. 2019년 7월 1일 신규분 부터
-1개월이내: 신규시점 약정이율과 만기시점 약정이율 중 낮은 이율
-1개월 초과: 보통예금 이율


[코로나19관련대책 - 창구가입상품한 : 한시적으로 만기후 1개월간 해당 예금의 동일계약기간 신규약정금리 적용, 이후 보통예금이율]","중도해지이율
-1개월 미만: 보통예금이율
-1개월 이상~3개월 미만: 계약일의 계약기간별 약정이율의 50%
-3개월 이상~12개월 미만: 계약일의 계약기간별 약정이율의 60%
-12개월 이상: 계약일의 계약기간별 약정이율의 70%",3,4,우대사항없음,,,,,,,,,,,,,,,,,,,,
12,청주저축은행,정기적금,자유적립식,4.30%,3.64%,-,4.30%,2.7177531510421904,단리,6개월,2023-11-06,"(총무팀,043-256-9114)",없음,제한없음,모두가능,만기 후 : 1%,제한없음,4,4,우대사항없음,,,,,,,,,,,,,,,,,,,,
13,한국투자저축은행,정기적금,정액적립식,4.25%,3.60%,"6,292",4.25%,2.688167023203625,단리,6개월,2023-10-30,"예금/대출 문의 1577-6333, 공시부서(영업지원팀)031-788-0306",- 없음,제한없음,영업점,"- 1개월 이하 : 당초 약정이율과 만기시점 해당상품 신규약정이율 중 낮은 이율
- 1개월 초과 : 연 0.2%",- 없음,1,1,우대사항없음,,,,,,,,,,,,,,,,,,,,
14,한국투자저축은행,정기적금(자유적립식),자유적립식,4.25%,3.60%,-,4.25%,2.688167023203625,단리,6개월,2023-10-30,"예금/대출 문의 1577-6333, 공시부서(영업지원팀)031-788-0306",- 없음,제한없음,영업점,"- 1개월 이하 : 당초 약정이율과 만기시점 해당상품 신규약정이율 중 낮은 이율
- 1개월 초과 : 연 0.2%",- 없음,1,4,우대사항없음,,,,,,,,,,,,,,,,,,,,
15,금화저축은행,e-정기적금,자유적립식,4.10%,3.47%,-,4.10%,2.5994342087357847,단리,6개월,2023-11-09,"경영지원팀,032-452-6043",-,인터넷 및 모바일뱅킹 사용자,온라인,"- 만기 후 1개월 이내 : 약정금리
- 만기 후 1개월 초과 : 보통예금 이율",없음,1,2,우대사항없음,,,,,,,,,,,,,,,,,,,,
16,금화저축은행,정기적금,자유적립식,4.00%,3.38%,-,4.00%,2.5403003066303715,단리,6개월,2023-11-09,"경영지원팀,032-452-6043",창구전용상품,제한없음,영업점,"- 만기 후 1개월 이내 : 약정금리
- 만기 후 1개월 초과 : 보통예금 이율",없음,1,4,우대사항없음,,,,,,,,,,,,,,,,,,,,
17,신한저축은행,청포도 청년적금,정액적립식,4.00%,3.38%,"5,922",5.00%,2.5403003066303715,단리,6개월,2023-10-23,공시담당: 전략기획부 02-2229-4019 예금문의: 1644-7777 대출문의: 1800-3651,①개인(신용)정보 수집?이용 동의[상품서비스안내 등] 상품서비스 안내 수단 전체 동의시 0.1 % 우대금리 제공 ②계약기간 총 월불입금 횟수의 1/2이상을 당사 입출금계좌에서 이체하여 불입하는 경우 0.3% 우대금리 제공 ③가입 후 만기해지시까지 통장 미발행시(ESG) 0.6% 우대금리 제공,19~39세,온라인,"- 1개월 이내 : 약정금리
- 1개월 초과 : 보통예금금리","①번 우대이율은 가입시점에 지급
②③번 우대이율은 만기해지시점에 지급/가입일로부터 만기일까지의 기간에 대해 적용되며 중도해지시에는 지급하지 않음
* 우대이율은 약정금리에 반영되어 중도해지이율, 만기후이율 산정시 포함되며, 만기앞당김해지시에도 포함",2,2,"* 마케팅동의 : 0.1% [ 개인(신용)정보 이용동의, 상품서비스 안내수단 동의 ]
* 해당은행 : 0.3% [ 3개월이상 당사 입출금계좌에서 수행하는경우 ]
* 환경 : 0.6% [ ESG 만기해지시까지 통장미발행]",,0.1%,,,,,,,0.3%,,,,,,,0.6%,,,,
18,CK저축은행,정기적금,정액적립식,4.00%,3.38%,"5,922",4.00%,2.5403003066303715,단리,6개월,2023-06-19,"영업부,0332528411",없음,제한없음,영업점,- 만기 후 1개월 이내 : 약정금리 - 만기 후 1개월 초과 : 연 0.1%,없음,5,1,우대사항없음,,,,,,,,,,,,,,,,,,,,
19,CK저축은행,정기적금,정액적립식,4.00%,3.38%,"5,922",4.00%,2.5403003066303715,단리,6개월,2023-11-07,"영업부,0332528411",없음,제한없음,영업점,- 만기 후 1개월 이내 : 약정금리 - 만기 후 1개월 초과 : 연 0.1%,없음,5,1,우대사항없음,,,,,,,,,,,,,,,,,,,,
20,CK저축은행,"정기적금(인터넷,모바일,비대면)",정액적립식,4.00%,3.38%,"5,922",4.00%,2.5403003066303715,단리,6개월,2023-11-07,"영업부,0332528411",없음,제한없음,온라인,- 만기 후 1개월 이내 : 약정금리 - 만기 후 1개월 초과 : 연 0.1%,없음,5,2,우대사항없음,,,,,,,,,,,,,,,,,,,,
21,CK저축은행,"정기적금(인터넷,모바일,비대면)",정액적립식,4.00%,3.38%,"5,922",4.00%,2.5403003066303715,단리,6개월,2023-06-19,"영업부,0332528411",없음,제한없음,온라인,- 만기 후 1개월 이내 : 약정금리 - 만기 후 1개월 초과 : 연 0.1%,없음,5,2,우대사항없음,,,,,,,,,,,,,,,,,,,,
22,남양저축은행,비대면-정기적금,정액적립식,3.90%,3.30%,"5,774",3.90%,2.481183450556834,단리,6개월,2023-03-17,총무부0315663300,없음,"만19세이상 내국인 개인고객, 본인 스마트폰 소지자, 신분증(주민등록증 또는 운전면허증)소지자, 최근 30일이내 전은행에서 입출금통장 개설내역이 없는 고객, 미국인 납세자에 해당하지 않는 고객",온라인,"만기 후 한 달까지 약정금리-현행금리 비교하여 낮은 금리 적용, 이후 0.1%","중도해지 이율 : 1개월미만 : 계약일의 보통예금 금리, 1개월이상 6개월미만 : 약정이율의 50%, 6개월이상 12개월미만 : 약정이율의 55%. 12개월 이상 : 약정이율의 65%",1,2,우대사항없음,,,,,,,,,,,,,,,,,,,,
23,남양저축은행,정기적금,정액적립식,3.90%,3.30%,"5,774",3.90%,2.481183450556834,단리,6개월,2023-03-17,총무부0315663300,없음,제한없음,영업점,"만기 후 한 달까지 약정금리-현행금리 비교하여 낮은 금리 적용, 이후 0.1%","중도해지 이율 : 1개월미만 : 계약일의 보통예금 금리, 1개월이상 6개월미만 : 약정이율의 50%, 6개월이상 12개월미만 : 약정이율의 55%. 12개월 이상 : 약정이율의 65%",1,1,우대사항없음,,,,,,,,,,,,,,,,,,,,
24,남양저축은행,e-정기적금,정액적립식,3.90%,3.30%,"5,774",3.90%,2.481183450556834,단리,6개월,2023-03-17,총무부0315663300,없음,제한없음,온라인,"만기 후 한 달까지 약정금리-현행금리 비교하여 낮은 금리 적용, 이후 0.1%","중도해지 이율 : 1개월미만 : 계약일의 보통예금 금리, 1개월이상 6개월미만 : 약정이율의 50%, 6개월이상 12개월미만 : 약정이율의 55%. 12개월 이상 : 약정이율의 65%",1,2,우대사항없음,,,,,,,,,,,,,,,,,,,,
25,엔에이치저축은행,비대면정기적금,정액적립식,3.80%,3.21%,"5,626",3.80%,2.4220836405151043,단리,6개월,2023-11-07,"고객문의 1588-5191, (공시)기획총무부",없음,제한없음,온라인,"-1개월 이내: 지급 전일까지 해당 계좌의 약정금리와 기간별 적용금리 중 낮은 금리
-1개월 초과: 지급일 당시 보통예금 이율","-가입금액: 월불입금 1만원 이상
-가입기간: 6개월이상 36개월 이하",2,2,우대사항없음,,,,,,,,,,,,,,,,,,,,
26,다올저축은행,Fi 정기적금 (비대면),정액적립식,3.70%,3.13%,"5,478",3.70%,2.3630008765052946,단리,6개월,2023-03-03,(고객문의) 1544-6700 (공시담당) 기획팀,"※유의사항 : 인터넷뱅킹,모바일뱅킹(다올디지털뱅크_Fi/SB톡톡)으로 가입가능",제한없음,온라인,"- 1개월 까지 : 당초 약정이율과 만기시점 고시이율을 비교하여 낮은 금리 적용
- 1개월 초과 : 연0.1%","* 중도해지이율 (입금액마다 경과기간별 차등 적용)
- 1개월미만 : 가입일의 보통예금 금리
- 6개월미만 : 약정이율X50%
- 9개월미만 : 약정이율X55%
- 12개월미만 : 약정이율X60%
- 12개월이상 : 약정이율X70%",3,2,우대사항없음,,,,,,,,,,,,,,,,,,,,
27,엔에이치저축은행,정기적금,정액적립식,3.70%,3.13%,"5,478",3.80%,2.3630008765052946,단리,6개월,2023-11-07,"고객문의 1588-5191, (공시)기획총무부",NH멤버스 회원인 경우 연 0.1% 우대금리 적용,제한없음,영업점,"-1개월 이내: 지급 전일까지 해당 계좌의 약정금리와 기간별 적용금리 중 낮은 금리
-1개월 초과: 지급일 당시 보통예금 이율","-가입금액: 월불입금 1만원 이상
-가입기간: 6개월이상 36개월 이하",2,1,* 해당은행 : 0.1% [ NH 회원인 경우 ],,,,,,,,,0.1%,,,,,,,,,,,
28,주식회사 카카오뱅크,카카오뱅크 자유적금,자유적립식,3.70%,3.13%,-,3.90%,2.3630008765052946,단리,6개월,2023-11-10,수신팀 1599-3333 여신팀 1599-3333,자동이체시 우대금리 제공 : 연 0.20%p - 제공조건 : 전체 계약월수의 1/2이상을 자동이체로 납입하고 만기 해지하는 경우 - 유의사항 : 만기 자동연장된 원리금은 우대금리를 제공하지 않음,만 17세 이상의 실명의 개인,온라인,"- 만기 후 1개월 이내 : 가입(또는 자동연장)시점 기본금리x50%
- 만기 후 1개월초과 3개월 이내 : 가입(또는 자동연장)시점 기본금리x30%
- 만기 후 3개월 초과 : 0.20%","1. 가입방법 : 스마트폰
2. 가입금액 : 1천원 이상(원단위)
3. 가입기간 : 6개월 이상 ~ 36개월 이하(월, 일단위 지정 가능)
4. 월 적립한도 : 1천원 이상 월 300만원 이하 원단위(단, 자동연장된 원리금은 월 적립한도에 포함되지 않음)",1,3,* 자동이체 : 0.2% [ 3개월이상 자동이체로 납입하고 만기해지],,,0.2%,,,,,,,,,,,,,,,,,
29,푸른상호저축은행,푸른 정기적금,정액적립식,3.70%,3.13%,"5,478",3.70%,2.3630008765052946,단리,6개월,2023-09-01,"예금/대출문의 : 02-545-9000, 공시부서 : 기획부, 02-6255-1114",-,제한 없음,모두가능,"만기 후 보통예금 금리에 연동
(단, 만기 1개월 경과시점까지는 약정금리와 동일상품의 만기시점 고시금리 중 낮은 금리 적용)","- 중도해지금리
1개월 미만 : 0.20%,
6개월 미만 : 1.85%, 
12개월 미만 : 2.40%,
12개월 이상 : 2.45%",1,5,우대사항없음,,,,,,,,,,,,,,,,,,,,
30,중소기업은행,IBK D-day적금(자유적립식),자유적립식,3.65%,3.09%,-,5.15%,2.333465886762309,단리,6개월,2023-10-20,고객 문의 1566-2566,최고 연 1.5%p 1. 목표달성 축하금리 : 연 1.0%p - 당행 입출금식 계좌에서 이 적금으로 자동이체를 통해 3회 이상 납입하고 만기일 전일까지 목표금액(신규 시 직접 설정) 이상 납입하는 경우 2. 최초거래고객 우대금리 : 연 0.5%p,"실명의 개인
(개인사업자 제외)",온라인,"만기일 당시 정기적금 만기후금리 적용
- 1개월 이내: 만기일 당시 약정금리x50%
- 1월 초과 6개월 이내: 만기일 당시 약정금리x30%
- 6개월 초과: 만기일 당시 약정금리x20%","1인당 3계좌 가입 가능하며, 계좌당 20만원 이내 납입 가능",1,3,"* 자동이체 : 1.0% [  해당계좌로 자동이체 3회이상 ]
* 최초거래 : 0.5%",,,1.0%,,0.5%,,,,,,,,,,,,,,,
31,다올저축은행,Fi 정기적금 (대면),정액적립식,3.60%,3.05%,"5,330",3.60%,2.3039351585272927,단리,6개월,2023-03-03,(고객문의) 1544-6700 (공시담당) 기획팀,없음,제한없음,영업점,"- 1개월 까지 : 당초 약정이율과 만기시점 고시이율을 비교하여 낮은 금리 적용
- 1개월 초과 : 연0.1%","* 중도해지이율 (입금액마다 경과기간별 차등 적용)
- 1개월미만 : 가입일의 보통예금 금리
- 6개월미만 : 약정이율X50%
- 9개월미만 : 약정이율X55%
- 12개월미만 : 약정이율X60%
- 12개월이상 : 약정이율X70%",3,1,우대사항없음,,,,,,,,,,,,,,,,,,,,
32,스카이저축은행,b-정기적금,정액적립식,3.60%,3.05%,"5,352",3.60%,0.0903672954318368,복리,6개월,2023-09-12,"영업부, 02-3485-4196",*만기후 1개월 이내 : 만기시점 동일상품 동일계약기간의 신규약정금리 *만기후 1개월 초과 :보통예금이율,제한없음,온라인,없음,최소금액:1만원이상,2,0,우대사항없음,,,,,,,,,,,,,,,,,,,,
33,스카이저축은행,b-정기적금,정액적립식,3.60%,3.05%,"5,330",3.60%,2.3039351585272927,단리,6개월,2023-09-12,"영업부, 02-3485-4196",*만기후 1개월 이내 : 만기시점 동일상품 동일계약기간의 신규약정금리 *만기후 1개월 초과 :보통예금이율,제한없음,온라인,없음,최소금액:1만원이상,2,2,우대사항없음,,,,,,,,,,,,,,,,,,,,
34,스카이저축은행,e-정기적금,정액적립식,3.60%,3.05%,"5,352",3.60%,0.0903672954318368,복리,6개월,2023-09-12,"영업부, 02-3485-4196",*만기후 1개월 이내 : 만기시점 동일상품 동일계약기간의 신규약정금리 *만기후 1개월 초과 :보통예금이율,제한없음,온라인,없음,최소금액:1만원이상,2,0,우대사항없음,,,,,,,,,,,,,,,,,,,,
35,스카이저축은행,e-정기적금,정액적립식,3.60%,3.05%,"5,330",3.60%,2.3039351585272927,단리,6개월,2023-09-12,"영업부, 02-3485-4196",*만기후 1개월 이내 : 만기시점 동일상품 동일계약기간의 신규약정금리 *만기후 1개월 초과 :보통예금이율,제한없음,온라인,없음,최소금액:1만원이상,2,2,우대사항없음,,,,,,,,,,,,,,,,,,,,
36,안양저축은행,비대면-정기적금,정액적립식,3.60%,3.05%,"5,330",3.60%,2.3039351585272927,단리,6개월,2023-11-01,"영업지원팀, 031-463-7882 (예금문의 031-441-4141)",없음,"만19세이상 내국인 개인고객, 본인 스마트폰 소지자, 신분증(주민등록증 또는 운전면허증)소지자, 최근 30일이내 전은행에서 입출금통장 개설내역이 없는 고객, 미국인납세자에 해당하지 않는 고객",온라인,"만기 후 한 달까지 약정금리-현행금리 비교하여 낮은 금리 적용, 이후 0.1%","중도해지이율:
1개월미만: 계약일의 보통예금 금리, 
1개월이상 6개월미만: 약정이율의 50%, 
6개월이상 12개월미만: 약정이율의 60%, 12개월이상: 약정이율의 70%",3,2,우대사항없음,,,,,,,,,,,,,,,,,,,,
37,안양저축은행,정기적금,정액적립식,3.60%,3.05%,"5,330",3.60%,2.3039351585272927,단리,6개월,2023-11-01,"영업지원팀, 031-463-7882 (예금문의 031-441-4141)",없음,제한없음,모두가능,"만기 후 한 달까지 약정금리-현행금리 비교하여 낮은 금리 적용, 이후 0.1%","중도해지이율:
1개월미만: 계약일의 보통예금 금리, 
1개월이상 6개월미만: 약정이율의 50%, 
6개월이상 12개월미만: 약정이율의 60%, 12개월이상: 약정이율의 70%",3,5,우대사항없음,,,,,,,,,,,,,,,,,,,,
38,주식회사 케이뱅크,코드K 자유적금,자유적립식,3.60%,3.05%,-,3.60%,2.3039351585272927,단리,6개월,2023-10-20,"수신팀, 02-3210-7312",금리우대 코드를 입력하는 경우 우대금리 적용,만 17세 이상 실명의 개인 및 개인사업자,온라인,"만기 후 
- 1개월 이내: 만기시점 기본금리 X 50% 
- 1개월 초과 ~ 6개월 이내: 만기시점 기본금리 X 30%
- 6개월 초과: 연 0.20%","가입금액: 1만원 이상 30만원 이하
가입기간: 6개월, 1년, 2년, 3년 
(1인 최대 3계좌)",2,3,우대사항없음,,,,,,,,,,,,,,,,,,,,
39,고려저축은행,마이버킷 정기적금,정액적립식,3.50%,2.96%,"5,182",3.50%,2.244886486581188,단리,6개월,2023-10-20,"영업추진팀,051-640-9023",-,제한없음,온라인,"-1개월이내: 당초 약정금리와 만기시 동일상품 동일계약기간의 신규약정금리 중 낮은이율
-1개월초과: 보통예금이자율(현재0.1%)","-고뱅크 어플 전용상품
-1인당 최대 100만원까지 가입가능
-1인1계좌 제한
-가입기간 : 6개월~12개월",4,2,우대사항없음,,,,,,,,,,,,,,,,,,,,
40,대백저축은행,애플정기적금,정액적립식,3.50%,2.96%,"5,182",3.50%,2.244886486581188,단리,6개월,2023-02-09,"총무부,053-742-3301",해당없음,제한없음,온라인,"1개월이내-약정이율과 현행이율중 낮은이율
1개월 초과-보통예금이율(0.2%)",해당없음,5,2,우대사항없음,,,,,,,,,,,,,,,,,,,,
41,대백저축은행,한마음정기적금,정액적립식,3.50%,2.96%,"5,182",3.50%,2.244886486581188,단리,6개월,2023-02-09,"총무부,053-742-3301",해당없음,제한없음,영업점,"1개월이내-약정이율과 현행이율중 낮은이율
1개월 초과-보통예금이율(0.2%)",해당없음,5,1,우대사항없음,,,,,,,,,,,,,,,,,,,,
42,스카이저축은행,정기적금,정액적립식,3.50%,2.96%,"5,182",3.50%,2.244886486581188,단리,6개월,2023-09-12,"영업부, 02-3485-4196",*만기후 1개월 이내 : 만기시점 동일상품 동일계약기간의 신규약정금리 *만기후 1개월 초과 :보통예금이율,제한없음,영업점,없음,최소금액:1만원이상,2,1,우대사항없음,,,,,,,,,,,,,,,,,,,,
43,스카이저축은행,정기적금,정액적립식,3.50%,2.96%,"5,203",3.50%,0.0320271722328067,복리,6개월,2023-09-12,"영업부, 02-3485-4196",*만기후 1개월 이내 : 만기시점 동일상품 동일계약기간의 신규약정금리 *만기후 1개월 초과 :보통예금이율,제한없음,영업점,없음,최소금액:1만원이상,2,1,우대사항없음,,,,,,,,,,,,,,,,,,,,
44,오투저축은행,비대면 정기적금,정액적립식,3.50%,2.96%,"5,182",3.50%,2.244886486581188,단리,6개월,2023-08-01,수신팀 (042-712-0260),-,제한없음,온라인,"1. 2019년 7월 1일 이전 신규
-보통예금 이율

2. 2019년 7월 1일 신규분 부터
-1개월이내: 신규시점 약정이율과 만기시점 약정이율 중 낮은 이율
-1개월 초과: 보통예금 이율","중도해지이율
-1개월 미만: 보통예금이율
-1개월 이상~3개월 미만: 계약일의 계약기간별 약정이율의 50%
-3개월 이상~12개월 미만: 계약일의 계약기간별 약정이율의 60%
-12개월 이상: 계약일의 계약기간별 약정이율의 70%",3,2,우대사항없음,,,,,,,,,,,,,,,,,,,,
45,오투저축은행,E-정기적금,정액적립식,3.50%,2.96%,"5,182",3.50%,2.244886486581188,단리,6개월,2023-08-01,수신팀 (042-712-0260),-,제한없음,온라인,"1. 2019년 7월 1일 이전 신규
-보통예금 이율

2. 2019년 7월 1일 신규분 부터
-1개월이내: 신규시점 약정이율과 만기시점 약정이율 중 낮은 이율
-1개월 초과: 보통예금 이율","중도해지이율
-1개월 미만: 보통예금이율
-1개월 이상~3개월 미만: 계약일의 계약기간별 약정이율의 50%
-3개월 이상~12개월 미만: 계약일의 계약기간별 약정이율의 60%
-12개월 이상: 계약일의 계약기간별 약정이율의 70%",3,2,우대사항없음,,,,,,,,,,,,,,,,,,,,
46,주식회사 케이뱅크,주거래우대 자유적금,자유적립식,3.50%,2.96%,-,4.10%,2.244886486581188,단리,6개월,2023-10-20,"수신팀, 02-3210-7312","급여이체 또는 통신비 자동이체, 체크카드 고객에게 우대금리 제공 (최고 연 0.6%)",만 17세 이상 실명의 개인 및 개인사업자,온라인,"만기 후 
- 1개월 이내: 만기시점 기본금리 X 50% 
- 1개월 초과 ~ 6개월 이내: 만기시점 기본금리 X 30%
- 6개월 초과: 연 0.20%","가입금액: 1천원 이상 300만원 이하
가입기간: 6개월 ~ 36개월
(1인 최대 3계좌)",2,3,* 급여이체 : 0.6% [ 통신비자동이체 또는 체크카드이용시 동일 적용],0.6%,,,,,,,,,,,,,,,,,,,
47,참저축은행,비대면정기적금,정액적립식,3.50%,2.96%,"5,182",3.50%,2.244886486581188,단리,6개월,2023-11-08,"수신파트, 053-720-7334",없음,만19세 이상 내국인(법인불가),온라인,*만기 후 1개월 간 : 가입이율과 만기일 당시 기간별 정기적금이율 중 낮은 이율 ＊만기후 1개월초과 : 보통예금 이율 * 적용대상 : 19.07.01 신규가입자부터 적용 (이전가입자는 영업점 확인요망),없음,5,2,우대사항없음,,,,,,,,,,,,,,,,,,,,
48,참저축은행,정기적금,정액적립식,3.50%,2.96%,"5,182",3.50%,2.244886486581188,단리,6개월,2023-11-08,"수신파트, 053-720-7334",없음,제한없음,모두가능,*만기 후 1개월 간 : 가입이율과 만기일 당시 기간별 정기적금이율 중 낮은 이율 ＊만기후 1개월초과 : 보통예금 이율 * 적용대상 : 19.07.01 신규가입자부터 적용 (이전가입자는 영업점 확인요망),없음,5,5,우대사항없음,,,,,,,,,,,,,,,,,,,,
49,페퍼저축은행,정기적금,정액적립식,3.50%,2.96%,"5,182",3.50%,2.244886486581188,단리,6개월,2023-03-02,예금담당자 03180159344 대출문의 15990722,우대사항 없음,제한없음,영업점,"* 만기 후 1개월 이내 기간 : 최종 이율과 만기 시점 동일 상품 동일 계약기간의 신규 약정금리 중 낮은 금리를 적용
* 만기 후 1개월 초과 이후 기간 : 보통예금 이율(연 0.50%) 적용",최소가입금액: 1만원 이상,5,1,우대사항없음,,,,,,,,,,,,,,,,,,,,
50,페퍼저축은행,"정기적금 (인터넷,스마트,비대면)",정액적립식,3.50%,2.96%,"5,182",3.50%,2.244886486581188,단리,6개월,2023-03-02,예금담당자 03180159344 대출문의 15990722,우대사항 없음,제한없음,온라인,"* 만기 후 1개월 이내 기간 : 최종 이율과 만기 시점 동일 상품 동일 계약기간의 신규 약정금리 중 낮은 금리를 적용
* 만기 후 1개월 초과 이후 기간 : 보통예금 이율(연 0.50%) 적용",최소가입금액: 1만원 이상,5,2,우대사항없음,,,,,,,,,,,,,,,,,,,,
51,페퍼저축은행,페퍼스정기적금 (디지털페퍼앱),정액적립식,3.50%,2.96%,"5,182",3.50%,2.244886486581188,단리,6개월,2023-03-02,예금담당자 03180159344 대출문의 15990722,우대사항 없음,실명의 개인,온라인,"* 만기 후 1개월 이내 기간 : 최종 이율과 만기 시점 동일 상품 동일 계약기간의 신규 약정금리 중 낮은 금리를 적용
* 만기 후 1개월 초과 이후 기간 : 보통예금 이율(연 0.50%) 적용","비대면 전용상품
최소가입금액: 1만원 이상",5,2,우대사항없음,,,,,,,,,,,,,,,,,,,,
52,엠에스상호저축은행,정기적금,정액적립식,3.50%,2.96%,"5,182",3.50%,2.244886486581188,단리,6개월,2023-09-11,"기획회계팀,053-742-4411",없음,없음,모두가능,- 만기후 1개월간은 당초 약정금리와 당초 약정기간에 해당하는 현행금리 중 낮은 금리를 적용하고 만기후 1개월 경과시는 보통예금이자율,없음,4,5,우대사항없음,,,,,,,,,,,,,,,,,,,,
53,경남은행,오늘도세이브적금,자유적립식,3.45%,2.92%,-,5.70%,2.215368542870122,단리,6개월,2023-10-20,"리테일금융부(대출문의),055-290-8743 마케팅추진부(예·적금상품),1600-8585",①마케팅동의 0.15% ②목돈마련 축하이율 0.20~1.00% ③친구 추천번호 0.30~0.60% ④이벤트(만40세미만 이적금가입) 0.50% ※이벤트기간: 9/25~11/30,실명의 개인 및 개인사업자,온라인,"만기후 1개월 이내: 일반정기예금 기본이율의 50%
만기후 1개월 초과: 일반정기예금 기본이율의 20%","1. 계약기간은 1개월 이상 6개월 이내 월단위
2. 초입금 1천원 이상 10만원 이하 자유롭게 저축
3. 최대 저축횟수는 999회 이내",2,3,"* 마케팅동의 : 0.15%
* 만기 : 0.2% [ 상세 조건에 따라 최대 0.8% 가산 가능]
* 이벤트 : 0.3% [친구추천, 상세조건에 따라 0.3% 가산 가능]",,0.15%,,,,,,,,,0.2%,,0.3%,,,,,,,
54,경남은행,BNK더조은자유적금,자유적립식,3.45%,2.92%,-,4.15%,2.215368542870122,단리,6개월,2023-10-20,"리테일금융부(대출문의),055-290-8743 마케팅추진부(예·적금상품),1600-8585",①오픈뱅킹서비스 가입 0.20%(만기까지 유지) ②당행 입출금통장에서 자동이체시 입금건별 0.20% ③이 상품 신규시 금리우대쿠폰을 등록할 경우 0.30%,"거래대상자는 제한을 두지 아니한다. 다만, 국가 및 지방자치단체는 이 예금을 거래할 수 없다.",온라인,"만기후 1개월 이내: 일반정기예금 기본이율의 50%
만기후 1개월 초과: 일반정기예금 기본이율의 20%","1. 계약기간은 6개월 이상 2년 이내 월단위
2. 초입금 1만원 이상 월별 500만원 이내에서 자유롭게 저축
3. 최대 저축횟수는 999회 이내",2,3,"* 해당은행 : 0.2% [오픈뱅킹서비스]
* 자동이체 : 0.2% [입금건별]
* 이벤트 : 0.3% [ 금리우대쿠폰 ]",,,0.2%,,,,,,0.2%,,,,0.3%,,,,,,,
55,금화저축은행,비대면-정기적금,정액적립식,3.40%,2.88%,"5,034",3.40%,2.185854860666958,단리,6개월,2023-11-09,"경영지원팀,032-452-6043",-,비대면 어플사용자,온라인,"- 만기 후 1개월 이내 : 약정금리
- 만기 후 1개월 초과 : 보통예금 이율",스마트폰으로 비대면어플 사용자만 신규가능,1,2,우대사항없음,,,,,,,,,,,,,,,,,,,,
56,금화저축은행,e-정기적금,정액적립식,3.40%,2.88%,"5,034",3.40%,2.185854860666958,단리,6개월,2023-11-09,"경영지원팀,032-452-6043",-,인터넷 및 모바일뱅킹 사용자,온라인,"- 만기 후 1개월 이내 : 약정금리
- 만기 후 1개월 초과 : 보통예금 이율",없음,1,2,우대사항없음,,,,,,,,,,,,,,,,,,,,
57,금화저축은행,정기적금,정액적립식,3.30%,2.79%,"4,886",3.30%,2.126840280784536,단리,6개월,2023-11-09,"경영지원팀,032-452-6043",창구전용상품,제한없음,영업점,"- 만기 후 1개월 이내 : 약정금리
- 만기 후 1개월 초과 : 보통예금 이율",없음,1,1,우대사항없음,,,,,,,,,,,,,,,,,,,,
58,평택상호저축은행,정기적금,정액적립식,3.20%,2.71%,"4,738",3.20%,2.0678427469340344,단리,6개월,2023-02-22,"여신지원팀, 031-659-3382",해당사항 없음,제한없음,영업점,보통예금이율,보호금융상품 1인당 최고 5천만원,2,1,우대사항없음,,,,,,,,,,,,,,,,,,,,
59,하나은행,내맘적금,정액적립식,3.20%,2.71%,"4,738",3.70%,2.0678427469340344,단리,6개월,2023-10-20,가계수신(예금) 02-1599-1111(리테일사업부) 가계여신(대출) 02-2002-1249(리테일사업부),하나은행 통장에서 계약기간의 1/2이상 월부금 자동이체실적 충족 시 연 0.50%,"실명의 개인
또는 개인사업자(1인 다계좌 가능)",모두가능,"1개월 이내 : 지급당시 해당기간별 일반정기적금 기본금리 1/2
1개월 초과 : 지급당시 해당기간별 일반정기적금 기본금리 1/4","1. 1인 다계좌 가능
2. 가입금액
   - 1천원 이상~1,000만원 이하(원단위)
3. 적립한도
    - 자유적립식 : 매월 1원 이상~1,000만원 이하(원단위)
    - 정액적립식 : 매월 1천원 이상~1,000만원 이하(원단위)",1,5,* 자동이체 : 0.5% [ 3개월 이상 자동이체],,,0.5%,,,,,,,,,,,,,,,,,
60,한국스탠다드차타드은행,퍼스트가계적금,정액적립식,3.20%,2.71%,"4,738",3.20%,2.0678427469340344,단리,6개월,2023-10-20,SC제일은행 고객센터 1588-1599,없음,개인(개인사업자 포함),모두가능,"만기 후 1개월: 약정이율의 50%
만기 후 1개월 초과 1년 이내: 약정이율의 30%
만기 후 1년 초과: 약정이율의 10%",해당없음,1,5,우대사항없음,,,,,,,,,,,,,,,,,,,,
61,제주은행,jBANK 저금통적금,자유적립식,3.15%,2.66%,-,5.25%,2.0383503722707585,단리,6개월,2023-10-20,"영업추진본부, 064-720-0287","* 거래조건에 따라 최고 2.1%p 우대금리 적용 ① 자투리 출금계좌 평잔 50만원 이상 유지 : 0.8%p ② 첫거래고객 or JBANK저금통적금 1개월 내 재신규 : 0.5%p ③ 신규가입 시점에서 적금 목표금액 최소 30만원 이상 설정하고, 적금 신규일로부터 3개월 내 잔액이 목표금액 이상인 경우 :0.5%p ④ 추천인 우대금리 : 0.30%p",개인 및 개인사업자,온라인,"- 만기후 1개월 이내 : (일반)정기적금 기본이자율의 50%
(단, 최저금리 0.1%)
- 만기후 1개월 초과 3개월 이내 : (일반)정기적금 기본이자율의 25%
(단, 최저금리 0.1%)
- 만기후 3개월 초과 : 0.1%",월 납입한도 50만원 이하,1,3,"* 해당은행 : 0.8% [ 자투리출금계좌 50만원이상유지]
* 최초거래 : 0.5% [ 재가입시에도 적용]
* 만기 : 0.5% [ 목표금액 30만원이상, 3개월유지]
* 이벤트 : 0.3% [ 추천인 ]",,,,,0.5%,,,,0.8%,,0.5%,,0.3%,,,,,,,
62,하나은행,내맘적금,자유적립식,3.15%,2.66%,-,3.65%,2.0383503722707585,단리,6개월,2023-10-20,가계수신(예금) 02-1599-1111(리테일사업부) 가계여신(대출) 02-2002-1249(리테일사업부),하나은행 통장에서 계약기간의 1/2이상 월부금 자동이체실적 충족 시 연 0.50%,"실명의 개인
또는 개인사업자(1인 다계좌 가능)",모두가능,"1개월 이내 : 지급당시 해당기간별 일반정기적금 기본금리 1/2
1개월 초과 : 지급당시 해당기간별 일반정기적금 기본금리 1/4","1. 1인 다계좌 가능
2. 가입금액
   - 1천원 이상~1,000만원 이하(원단위)
3. 적립한도
    - 자유적립식 : 매월 1원 이상~1,000만원 이하(원단위)
    - 정액적립식 : 매월 1천원 이상~1,000만원 이하(원단위)",1,3,* 자동이체 : 0.5% [ 3개월 이상 자동이체 ] ,,,0.5%,,,,,,,,,,,,,,,,,
63,광주은행,해피라이프_여행스케치적금V,정액적립식,3.10%,2.62%,"4,590",4.30%,2.0088622591153404,단리,6개월,2023-10-20,영업추진부 수신지원팀 062-239-5206 여신지원팀 062-239-6509 카드사업부 062-239-6107 *실제 상담은 인근영업점이나 당행 콜센터(1588-3388)로 문의,▶ 최고우대금리 1.20%p ①해피라이프_여행스케치외화적금V 동일자가입 0.5%p ②해지원금 기준 500만원이상 : 최고0.2%p ③신용(체크)카드사용실적300만원이상:최고 0.3%p ④개인(신용)정보 동의: 0.2%p,"제한없음(단,국가및지방자치단체제외)",모두가능,"*만기후 1개월 이내: 만기일 당시 최초 가입 기간별 고시금리의 1/2 
*만기후 1개월 초과: 0.1%","1. 가입기간 : 6개월이상 3년제
2. 가입금액 : 월5만원 이상 5백만원 이하 (1인1계좌)",1,5,"* 해당은행 : 0.5% [  해피라이프_여행스케치외화적금가입]
* 만기 : 0.2% [ 목표금액 500만원 이상]
* 카드실적 : 0.3% [ 300만원이상 ]
* 마케팅동의 : 0.2% [ 신용정보동의 ]",,0.2%,,0.3%,,,,,0.5%,,0.2%,,,,,,,,,
64,부산은행,내맘대로 적금,자유적립식,3.10%,2.62%,-,3.30%,2.0088622591153404,단리,6개월,2023-10-31,"(예금)마케팅추진부, 051-620-3339 (대출)여신기획부, 051-620-3423 실제 상담은 인근 영업점이나 당행 콜센터(1588-6200)로 문의",*우대이율 최대 0.2% - 신규시 우대이율 0.05% 및 해지시 우대이율 최대 0.15%,제한없음,모두가능,"- 만기후 1년이내:가입기간별 일반정기적금 기본이율 x 50%
- 만기후 1년초과:가입기간별 일반정기적금 기본이율 x 20%","1. 가입금액 :
   1천원 이상
2. 가입기간 : 
6개월 이상 60개월 이하(일단위)",1,3,"* 최초거래 : 0.05%
* 만기 : 0.15%",,,,,0.05%,,,,,,0.15%,,,,,,,,,
65,부산은행,펫 적금,정액적립식,3.10%,2.62%,"4,590",3.65%,2.0088622591153404,단리,6개월,2023-10-31,"(예금)마케팅추진부, 051-620-3339 (대출)여신기획부, 051-620-3423 실제 상담은 인근 영업점이나 당행 콜센터(1588-6200)로 문의","*우대이율 6개월제 최대 0.55%, 12개월제 최대 0.90%",실명의 개인고객(1인 1계좌),모두가능,"- 만기후 1년이내:가입기간별 일반정기적금 기본이율 x 50%
- 만기후 1년초과:가입기간별 일반정기적금 기본이율 x 20%","1. 가입한도: 월 1만원 이상 50만원 이하 원단위
2. 정기적립식",1,5,* 반려인 : 0.55%,,,,,,,,,,,,,,,,,,0.55%,,
66,신한저축은행,e-정기적금,정액적립식,3.10%,2.62%,"4,590",3.10%,2.0088622591153404,단리,6개월,2023-10-23,공시담당: 전략기획부 02-2229-4019 예금문의: 1644-7777 대출문의: 1800-3651,▶탄소포인트제(에코마일리지) 가입 인증 완료시 0.5% 우대금리 제공 *12개월 가입에 한하여 1인1계좌 가입가능,개인,온라인,"- 1개월 이내 : 약정금리
- 1개월 초과 : 보통예금금리","- 이자지급방식 : 만기일시지급
- 가입방법 : 인터넷홈페이지
- 해지방법 : 인터넷홈페이지/모바일앱에 접속하여 해약",2,2,우대사항없음,,,,,,,,,,,,,,,,,,,,
67,신한저축은행,s-정기적금,정액적립식,3.10%,2.62%,"4,590",3.10%,2.0088622591153404,단리,6개월,2023-10-23,공시담당: 전략기획부 02-2229-4019 예금문의: 1644-7777 대출문의: 1800-3651,▶탄소포인트제(에코마일리지) 가입 인증 완료시 0.5% 우대금리 제공 *12개월 가입에 한하여 1인1계좌 가입가능,개인,온라인,"- 1개월 이내 : 약정금리
- 1개월 초과 : 보통예금금리","- 이자지급방식 : 만기일시지급
- 가입방법 : 모바일앱
- 해지방법 : 인터넷홈페이지/모바일앱에 접속하여 해약
- 2023.02.13 smart-정기적금에서 s-정기적금으로 상품명 변경",2,2,우대사항없음,,,,,,,,,,,,,,,,,,,,
68,평택상호저축은행,정기적금(모뱅),정액적립식,3.10%,2.62%,"4,590",3.10%,2.0088622591153404,단리,6개월,2023-02-20,"여신지원팀, 031-659-3382",해당사항 없음,제한없음,온라인,보통예금이율,보호금융상품 1인당 최고 5천만원,2,2,우대사항없음,,,,,,,,,,,,,,,,,,,,
69,평택상호저축은행,정기적금(인뱅),정액적립식,3.10%,2.62%,"4,590",3.10%,2.0088622591153404,단리,6개월,2023-02-20,"여신지원팀, 031-659-3382",해당사항 없음,제한없음,온라인,보통예금이율,보호금융상품 1인당 최고 5천만원,2,2,우대사항없음,,,,,,,,,,,,,,,,,,,,
70,한국스탠다드차타드은행,퍼스트가계적금,자유적립식,3.10%,2.62%,-,3.10%,2.0088622591153404,단리,6개월,2023-10-20,SC제일은행 고객센터 1588-1599,없음,개인(개인사업자 포함),모두가능,"만기 후 1개월: 약정이율의 50%
만기 후 1개월 초과 1년 이내: 약정이율의 30%
만기 후 1년 초과: 약정이율의 10%",해당없음,1,3,우대사항없음,,,,,,,,,,,,,,,,,,,,
71,대구은행,내가만든 보너스적금,자유적립식,3.05%,2.58%,-,3.85%,1.9793784074680016,단리,6개월,2023-10-20,"개인여신기획부, 053-740-2230 리테일마케팅부, 053-740-2162","* 최고우대금리: 연0.80%p -비대면 채널로 신규: 연0.20%p -상품 가입 전 마케팅활용[개인(신용)정보,수집,이용동의] 전체 동의: 연0.20%p (계약기간 1년인 경우 만기일 기준) -DGB대구은행 계좌로 자동이체 8회 이상 입금: 연0.20%p -원금 합계 100만원이상: 연0.10%p 또는 원금합계 200만원이상: 연0.20%p",실명의 개인,모두가능,"만기 후 1개월 미만 경과: 약정이자율 x 50%
만기 후 3개월 미만 경과: 약정이자율 x 25%
만기 후 3개월 이상 경과: 약정이자율 x 10%","1계좌당 가입한도 : 월20만원 
(최저 1만원 이상)",1,3,"* 비대면 : 0.2% [ 신규가입시 ]
* 자동이체: 0.2% [ 8회이상 입금 ]
* 마케팅동의 : 0.2%
* 만기 : 0.1% [ 100만원 이상시 적용, +100만원시 0.1%가산 가능 ]",,0.2%,0.2%,,,,0.2%,,,,0.1%,,,,,,,,,
72,부산은행,저탄소 실천 적금,자유적립식,3.05%,2.58%,-,3.45%,1.9793784074680016,단리,6개월,2023-10-31,"(예금)마케팅추진부, 051-620-3339 (대출)여신기획부, 051-620-3423 실제 상담은 인근 영업점이나 당행 콜센터(1588-6200)로 문의",조건 달성여부에 따라 우대금리 적용 *개인형 우대이율: 최대0.4% *기업형(개인사업자 및 법인)우대이율: 최대0.4%,제한없음,모두가능,"- 만기후 1년이내:가입기간별 일반정기적금 기본이율 x 50%
- 만기후 1년초과:가입기간별 일반정기적금 기본이율 x 20%","1. 가입한도: 월 1만원 이상 1천만원 이하 원단위 (월 1천만원 이하 불입 가능)
2. 자유적립식",1,3,* 기타 : 0.4% [ 개인이나 기업형 구분 ] ,,,,,,,,,,,,,,0.4%,,,,,,
73,고려저축은행,보고파 정기적금,정액적립식,3.00%,2.54%,"4,442",3.00%,1.9498988173285656,단리,6개월,2023-07-20,"영업추진팀,051-640-9023",-,만19세이상 개인(내국인만 가능),온라인,"*2019.06.30 가입분까지 만기시점 보통예금이자율(현재0.1%)
*2019.07.01 가입분부터 
1개월이내: 당초 약정금리와 만기시 동일상품 동일계약기간의 신규약정금리 중 낮은이율
1개월초과: 보통예금이자율(현재0.1%)","1. 1인당 가입한도 : 월 최대 100만원
2. 비대면 가입 전용상품
3. 1인1계좌 제한",4,2,우대사항없음,,,,,,,,,,,,,,,,,,,,
74,농협은행주식회사,NH1934월복리적금,자유적립식,3.00%,2.54%,-,6.50%,-0.2591759887211609,복리,6개월,2023-11-10,"마케팅지원부, 02-2080-7799(여신), 7776(수신)",1. 급여실적 : 1.0%p (①/② 중복 적용 불가) ① 급여이체 실적 : 1.0%p ② 개인사업자 계좌 실적 :1.0%p 2. 비대면 채널 이체 실적 : 0.3%p 3. 마케팅 동의 : 0.2%p 4. 농업계고 및 청년농부사관학교 졸업자 : 2.0%p,만19세~만34세 개인 및 개인사업자,모두가능,"만기후 1년 이내 : 만기시점 계약기간별 기본금리의 1/2
만기후 1년 초과 : 보통예금 금리","초입금 및 매회 1만원 이상, 월 50만원 이내 자유적립

급여이체 실적과 개인사업자 계좌 실적 우대금리는 중복 적용 불가

 * 급여입금실적 인정기준
  - 가입기간 12개월 이하 : 3개월 이상 급여이체
  - 가입기간 24개월 이하 : 12개월 이상 급여이체",1,3,"* 급여이체 : 1.0% [ 급여실적도 가능]
* 카드실적 : 1.0% [ 개인사업자 계좌 실적 ] 
* 비대면 : 0.3% [ 비대면 채널 이체 실적]
* 마케팅동의 : 0.2%
 * 기타 : 2.0% [ 농업계고 및 청년농부사관학교 졸업자 ]",1.0%,0.2%,,1.0%,,,0.3%,,,,,,,2.0%,,,,,,
75,농협은행주식회사,NH올원e 미니적금,자유적립식,3.00%,2.54%,-,4.70%,1.9498988173285656,단리,6개월,2023-11-10,"마케팅지원부, 02-2080-7799(여신), 7776(수신)","1. 자동이체 입금횟수 우대금리 : 최고 0.5%p - 5회이상 : 0.2%p, 10회이상 : 0.3%p, 15회이상 0.5%p 2. 목표금액 달성 축하금리 : 0.5%p 3. MZ세대(만 19~34세)) 우대금리 : 0.5%p 4. 직전 1년간 당행 예적금(청약포함) 미보유 고객 : 0.2%p",개인,온라인,"만기후 1년 이내 : 만기시점 계약기간별 자유로우대적금 기본금리의 1/2
만기후 1년 초과 : 보통예금 금리","가입기간 1개월 이상 6개월 이하(일 단위)

초입금 및 매일 1천원이상  5만원이내(천원 단위)",1,3,"* 자동이체 : 0.2% [ 5회이상시, 10회이상 0.1% 가산, 15회이상 0.3% 가산 가능]
* 만기 : 0.5%
* 나이 : 0.5% [19~34세]
* 해당은행 : 0.2% [ 지난 1년간 청약포함 당행 예적금 미보유 고객 ]",,,0.2%,,,,,,0.2%,,0.5%,,,,0.5%,,,,,
76,디비저축은행,M-정기적금,정액적립식,3.00%,2.54%,"4,442",3.00%,1.9498988173285656,단리,6개월,2022-10-18,"고객문의 1600-4902, (공시)개인금융팀 0237051684",* 우대조건 : * 최고우대금리 : 0.2% - 인터넷 가입시 : 연 0.1% - 모바일 가입시 : 연 0.2%,제한없음,온라인,"* 만기후 이자율 : 
*1개월 이하: 기본이율 
*1개월 초과: 0.5%",스마트폰앱 전용상품,2,2,우대사항없음,,,,,,,,,,,,,,,,,,,,
77,민국저축은행,비대면정기적금(비대면),정액적립식,3.00%,2.54%,"4,442",3.00%,1.9498988173285656,단리,6개월,2023-05-19,"기획팀, 02-2271-0071",- 없음,개인,온라인,"- 1개월 이내 : 가입당시 약정금리와 현재 금리 비교 후 낮은 금리
- 1개월 이후 : 보통예금 금리 적용",- 중도해지 시 가입 기간에 따라 중도해지이율이 다르게 적용됩니다.,1,2,우대사항없음,,,,,,,,,,,,,,,,,,,,
78,민국저축은행,정기적금,정액적립식,3.00%,2.54%,"4,442",3.00%,1.9498988173285656,단리,6개월,2023-05-19,"기획팀, 02-2271-0071",* 최대우대금리 : 0.1% - 3명 이상 창구 방문하여 1년이상 적금 가입시 : 연 0.1% - 적금 만기해지 후 1년이상 정기예금 및 적금 신규 가입시 : 연 0.1%,제한없음,영업점,"- 1개월 이내 : 가입당시 약정금리와 현재 금리 비교 후 낮은 금리
- 1개월 이후 : 보통예금 금리 적용",- 중도해지 시 가입 기간에 따라 중도해지이율이 다르게 적용됩니다.,1,1,우대사항없음,,,,,,,,,,,,,,,,,,,,
79,민국저축은행,톡톡정기적금(모바일),정액적립식,3.00%,2.54%,"4,442",3.00%,1.9498988173285656,단리,6개월,2023-05-19,"기획팀, 02-2271-0071",- 없음,개인,모두가능,"- 1개월 이내 : 가입당시 약정금리와 현재 금리 비교 후 낮은 금리
- 1개월 이후 : 보통예금 금리 적용",- 중도해지 시 가입 기간에 따라 중도해지이율이 다르게 적용됩니다.,1,1,우대사항없음,,,,,,,,,,,,,,,,,,,,
80,민국저축은행,e-행복정기적금(인터넷),정액적립식,3.00%,2.54%,"4,442",3.00%,1.9498988173285656,단리,6개월,2023-05-19,"기획팀, 02-2271-0071",- 없음,개인,온라인,"- 1개월 이내 : 가입당시 약정금리와 현재 금리 비교 후 낮은 금리
- 1개월 이후 : 보통예금 금리 적용",- 중도해지 시 가입 기간에 따라 중도해지이율이 다르게 적용됩니다.,1,2,우대사항없음,,,,,,,,,,,,,,,,,,,,
81,부산은행,펫 적금,자유적립식,3.00%,2.54%,-,3.55%,1.9498988173285656,단리,6개월,2023-10-31,"(예금)마케팅추진부, 051-620-3339 (대출)여신기획부, 051-620-3423 실제 상담은 인근 영업점이나 당행 콜센터(1588-6200)로 문의","*우대이율 6개월제 최대 0.55%, 12개월제 최대 0.90%",실명의 개인고객(1인 1계좌),모두가능,"- 만기후 1년이내:가입기간별 일반정기적금 기본이율 x 50%
- 만기후 1년초과:가입기간별 일반정기적금 기본이율 x 20%","1. 가입한도: 월 1만원 이상 50만원 이하 원단위
2. 자유적립식",1,3,* 반려인 : 0.55%,,,,,,,,,,,,,,,,,,0.55%,,
82,세람상호저축은행,비대면 정기적금,정액적립식,3.00%,2.54%,"4,442",3.00%,1.9498988173285656,단리,6개월,2023-11-07,"기획팀, 031-822-1623",-,제한없음,모두가능,"1개월내 : 약정금리와 해당 계약기간의 현행금리 중 낮은 금리 
1개월 초과: 보통예금 금리",없음,2,2,우대사항없음,,,,,,,,,,,,,,,,,,,,
83,신한저축은행,정기적금,정액적립식,3.00%,2.54%,"4,442",3.00%,1.9498988173285656,단리,6개월,2023-10-23,공시담당: 전략기획부 02-2229-4019 예금문의: 1644-7777 대출문의: 1800-3651,▶탄소포인트제(에코마일리지) 가입 인증 완료시 0.5% 우대금리 제공 *12개월 가입에 한하여 1인1계좌 가입가능,제한없음,영업점,"- 1개월 이내 : 약정금리
- 1개월 초과 : 보통예금금리","- 이자지급방식 : 만기일시지급
- 가입방법 : 영업점 방문
- 해지방법 : 영업점 방문 또는 인터넷홈페이지/모바일앱에 접속하여 해약",2,1,우대사항없음,,,,,,,,,,,,,,,,,,,,
84,예가람저축은행,정기적금,정액적립식,3.00%,2.54%,"4,442",3.00%,1.9498988173285656,단리,6개월,2023-10-04,"영업추진팀, 공시담당:0269067000, 상품문의:1877-7788",없음,제한없음,영업점,"* 만기후 1개월 이내 : 가입당시 약정금리
* 만기후 1개월 초과 : 보통예금금리",영업점 전용상품,3,1,우대사항없음,,,,,,,,,,,,,,,,,,,,
85,예가람저축은행,Hi!예가람 e정기적금,정액적립식,3.00%,2.54%,"4,442",3.00%,1.9498988173285656,단리,6개월,2023-10-04,"영업추진팀, 공시담당:0269067000, 상품문의:1877-7788",비대면가입,제한없음,온라인,"* 만기후 1개월 이내 : 가입당시 약정금리
* 만기후 1개월 초과 : 보통예금금리","인터넷뱅킹, 스마트폰",3,2,우대사항없음,,,,,,,,,,,,,,,,,,,,
86,융창저축은행,정기적금,정액적립식,3.00%,2.54%,"4,442",3.00%,1.9498988173285656,단리,6개월,2023-09-04,"경영기획팀, 02-2610-8048",없음,제한없음,영업점,"- 만기 후 1개월 이하: 적금 계좌의 약정이율과 만기시점 해당상품 신규약정이율 중 낮은 이율 적용
- 만기 후 1개월 초과:0.2%",없음,5,1,우대사항없음,,,,,,,,,,,,,,,,,,,,
87,융창저축은행,e정기적금,정액적립식,3.00%,2.54%,"4,442",3.00%,1.9498988173285656,단리,6개월,2023-09-04,"경영기획팀, 02-2610-8048",없음,제한없음,온라인,"- 만기 후 1개월 이하: 적금 계좌의 약정이율과 만기시점 해당상품 신규약정이율 중 낮은 이율 적용
- 만기 후 1개월 초과:0.2%",없음,5,2,우대사항없음,,,,,,,,,,,,,,,,,,,,
88,융창저축은행,SB톡톡 정기적금,정액적립식,3.00%,2.54%,"4,442",3.00%,1.9498988173285656,단리,6개월,2023-09-04,"경영기획팀, 02-2610-8048",없음,제한없음,온라인,"- 만기 후 1개월 이하: 적금 계좌의 약정이율과 만기시점 해당상품 신규약정이율 중 낮은 이율 적용
- 만기 후 1개월 초과:0.2%",없음,5,2,우대사항없음,,,,,,,,,,,,,,,,,,,,
89,인성저축은행,정기적금,정액적립식,3.00%,2.54%,"4,442",3.00%,1.9498988173285656,단리,6개월,2023-02-17,경영기획부 032-865-3911,없음,-제한없음,영업점,-보통예금이율 0.1%,-없음,2,1,우대사항없음,,,,,,,,,,,,,,,,,,,,
90,인성저축은행,e-정기적금,정액적립식,3.00%,2.54%,"4,442",3.00%,1.9498988173285656,단리,6개월,2023-02-17,경영기획부 032-865-3911,없음,-만19세이상의 개인,온라인,-보통예금이율 0.1%,-통장을 발급하지 않는 온라인 전용상품으로 영업점 해지시 우대금리 적용불가,2,2,우대사항없음,,,,,,,,,,,,,,,,,,,,
91,인천저축은행,정기적금,정액적립식,3.00%,2.54%,"4,442",3.00%,1.9498988173285656,단리,6개월,2023-02-16,"영업지원본부,032-430-2141",창구전용상품,누구나가입가능,영업점,"*만기후 1개월이내 : 최초약정이율
*만기 1개월이후 : 연0.1%",월불입액 1만원이상,3,1,우대사항없음,,,,,,,,,,,,,,,,,,,,
92,인천저축은행,e-보다정기적금,정액적립식,3.00%,2.54%,"4,442",3.00%,1.9498988173285656,단리,6개월,2023-02-16,"영업지원본부,032-430-2141",인터넷뱅킹 전용상품,인터넷뱅킹가입 대상,온라인,"*만기후 1개월이내 : 최초약정이율
*만기 1개월이후 : 연0.1%",월불입액 1만원이상,3,2,우대사항없음,,,,,,,,,,,,,,,,,,,,
93,주식회사 카카오뱅크,카카오뱅크 26주적금,자유적립식,3.00%,2.54%,-,6.00%,1.9498988173285656,단리,6개월,2023-11-10,수신팀 1599-3333 여신팀 1599-3333,자동이체 연속 성공 우대금리 제공 : 최고 연 3.50%p - 제공조건 ① 7주차까지 자동이체 납입을 연속 성공하고 만기해지 하는 경우 연 1.00%p 제공 ② 26주차까지 자동이체 납입을 연속 성공하고 만기해지 하는 경우 연 2.50%p 추가 제공 - 유의사항 : 자동이체 실패한 주차를 빈자리채우기 하여도 성공으로 인정되지 않음,만 17세 이상의 실명의 개인,온라인,"- 만기 후 1개월 이내 : 가입시점 기본금리x50%
- 만기 후 1개월초과 3개월 이내 : 가입시점 기본금리x30%
- 만기 후 3개월 초과 : 0.20%","1. 가입방법 : 스마트폰
2. 가입금액 : 1천원, 2천원, 3천원, 5천원, 1만원
3. 가입기간 : 6개월
4. 26주적금서비스(자동이체)를 통해서 납입이 가능하며, 그 외의 입금은 모두 제한됨
(단, 26주적금 서비스를 통한 납입 실패 시 빈자리 채우기로 납입 가능)",1,3,"* 자동이체 : 1.0% [ 7주까지 성공시, 6개월 모두 성공시 2.5% 가산 가능]",,,1.0%,,,,,,,,,,,,,,,,,
94,참저축은행,정기적금,정액적립식,3.00%,2.54%,"4,442",3.00%,1.9498988173285656,단리,6개월,2023-03-14,"수신파트, 053-720-7334",없음,제한없음,모두가능,*만기 후 1개월 간 : 가입이율과 만기일 당시 기간별 정기적금이율 중 낮은 이율 ＊만기후 1개월초과 : 보통예금 이율(연0.25%) * 적용대상 : 19.07.01 신규가입자부터 적용 (이전가입자는 영업점 확인요망),없음,5,5,우대사항없음,,,,,,,,,,,,,,,,,,,,
95,키움저축은행,정기적금,정액적립식,3.00%,2.54%,"4,442",3.00%,1.9498988173285656,단리,6개월,2023-08-30,경영지원팀 1670-0077 예적금문의 1670-0077,없음,개인 및 개인사업자,영업점,"-만기후 1개월 이내
당초 약정금리 또는 만기시 동일상품 동일계약기간의 신규 약정금리 중 낮은 이율
-만기후 1개월 초과
연 0.2% (신규시점의 보통예금 금리)
※2019년 7월 1일 이후 신규 가입 계좌에 한함.",없음,3,1,우대사항없음,,,,,,,,,,,,,,,,,,,,
96,키움저축은행,"e-plus 정기적금 (인터넷뱅킹,스마트뱅킹)",정액적립식,3.00%,2.54%,"4,442",3.00%,1.9498988173285656,단리,6개월,2023-08-30,경영지원팀 1670-0077 예적금문의 1670-0077,없음,개인 및 개인사업자,온라인,"-만기후 1개월 이내
당초 약정금리 또는 만기시 동일상품 동일계약기간의 신규 약정금리 중 낮은 이율
-만기후 1개월 초과
연 0.2% (신규시점의 보통예금 금리)
※2019년 7월 1일 이후 신규 가입 계좌에 한함.",인터넷 가입,3,2,우대사항없음,,,,,,,,,,,,,,,,,,,,
97,키움저축은행,SB톡톡정기적금 (비대면),정액적립식,3.00%,2.54%,"4,442",3.00%,1.9498988173285656,단리,6개월,2023-08-30,경영지원팀 1670-0077 예적금문의 1670-0077,없음,제한없음,온라인,"-만기후 1개월 이내
당초 약정금리 또는 만기시 동일상품 동일계약기간의 신규 약정금리 중 낮은 이율
-만기후 1개월 초과
연 0.2% (신규시점의 보통예금 금리)
※2019년 7월 1일 이후 신규 가입 계좌에 한함.",비대면,3,2,우대사항없음,,,,,,,,,,,,,,,,,,,,
98,디에이치저축은행,정기적금,정액적립식,3.00%,2.54%,"4,457",3.00%,-0.2591759887211609,복리,6개월,2022-10-13,"수신팀, 051-860-0041",없음,제한없음,영업점,"- 1개월이하 : 약정이율 범위 내 현행이율
- 1개월초과 : 보통예금 이율",없음,4,1,우대사항없음,,,,,,,,,,,,,,,,,,,,
99,디에이치저축은행,정기적금,정액적립식,3.00%,2.54%,"4,442",3.00%,1.9498988173285656,단리,6개월,2022-10-13,"수신팀, 051-860-0041",없음,제한없음,영업점,"- 1개월이하 : 약정이율 범위 내 현행이율
- 1개월초과 : 보통예금 이율",없음,4,1,우대사항없음,,,,,,,,,,,,,,,,,,,,
100,디에이치저축은행,정기적금(비대면),정액적립식,3.00%,2.54%,"4,442",3.00%,1.9498988173285656,단리,6개월,2022-10-13,"수신팀, 051-860-0041",없음,제한없음,온라인,"- 1개월이하 : 약정이율 범위 내 현행이율
- 1개월초과 : 보통예금 이율",없음,4,2,우대사항없음,,,,,,,,,,,,,,,,,,,,
101,디에이치저축은행,정기적금(비대면),정액적립식,3.00%,2.54%,"4,457",3.00%,-0.2591759887211609,복리,6개월,2022-10-13,"수신팀, 051-860-0041",없음,제한없음,온라인,"- 1개월이하 : 약정이율 범위 내 현행이율
- 1개월초과 : 보통예금 이율",없음,4,0,우대사항없음,,,,,,,,,,,,,,,,,,,,
102,에스비아이저축은행,복리자유적금(사이다),자유적립식,3.00%,2.54%,-,3.35%,-0.2591759887211609,복리,6개월,2023-10-26,"고객문의 1566-2210, 사이다 상품 전용 고객문의 1644-5277, (공시)리테일마케팅팀",- 만기우대금리 : 연0.35%(6개월 이상~12개월 미만) 연0.70%(12개월 이상~24개월 미만) 연0.40%(24개월) - 자동연장 재예치 우대금리 : 0.1%,만17세이상,온라인,"- 만기 후 1개월 이하: 약정금리

- 만기 후 1개월 초과: 연0.2%",없음,2,0,* 만기 : 0.35%,,,,,,,,,,,0.35%,,,,,,,,,
103,광주은행,해피라이프_여행스케치적금V,자유적립식,2.90%,2.45%,-,4.10%,1.890952421573688,단리,6개월,2023-10-20,영업추진부 수신지원팀 062-239-5206 여신지원팀 062-239-6509 카드사업부 062-239-6107 *실제 상담은 인근영업점이나 당행 콜센터(1588-3388)로 문의,▶ 최고우대금리 1.20%p ①해피라이프_여행스케치외화적금V 동일자가입 0.5%p ②해지원금 기준 500만원이상 : 최고0.2%p ③신용(체크)카드사용실적300만원이상:최고 0.3%p ④개인(신용)정보 동의: 0.2%p,"제한없음(단,국가및지방자치단체제외)",모두가능,"*만기후 1개월 이내: 만기일 당시 최초 가입 기간별 고시금리의 1/2 
*만기후 1개월 초과: 0.1%","1. 가입기간 : 6개월이상 3년제
2. 가입금액 : 월5만원 이상 5백만원 이하 (1인1계좌)",1,3,"* 해당은행 : 0.5% [ 해피라이프_여행스케치외화적금 가입시 ] 
* 만기 : 0.2% [ 만기 금액 500만원 이상시 ]
* 카드실적 : 0.3% [ 300만원 이상]
* 마케팅동의 : 0.2%",,0.2%,,0.3%,,,,,0.5%,,0.2%,,,,,,,,,
104,디비저축은행,E-정기적금,정액적립식,2.90%,2.45%,"4,293",2.90%,1.890952421573688,단리,6개월,2022-10-18,"고객문의 1600-4902, (공시)개인금융팀 0237051684",* 우대조건 : * 최고우대금리 : 0.2% - 인터넷 가입시 : 연 0.1% - 모바일 가입시 : 연 0.2%,제한없음,온라인,"* 만기후 이자율 : 
*1개월 이하: 기본이율 
*1개월 초과: 0.5%",인터넷뱅킹 전용상품,2,2,우대사항없음,,,,,,,,,,,,,,,,,,,,
105,솔브레인저축은행,정기적금,정액적립식,2.90%,2.45%,"4,293",2.90%,1.890952421573688,단리,6개월,2023-03-17,"경영지원부,051-861-8600",- 만기해지 시 지급이율적용 [지급이율=약정이율+우대이율 (약정이율은 가입시 정기예금 1년제(단리/창구판매)이율적용)],제한없음,모두가능,"- 만기후 1개월 까지 : 계약기간별 [가입 시 지급이율과 만기 시 약정이율] 중 낮은이율
- 만기후 1개월 이후 : 보통예금 이율(0.3%)",없음,5,5,우대사항없음,,,,,,,,,,,,,,,,,,,,
106,웰컴저축은행,일반정기적금,정액적립식,2.90%,2.45%,"4,293",3.70%,1.890952421573688,단리,6개월,2022-11-22,"예적금문의 16619400, 대출문의 16610001 공시담당 : 디지털금융기획팀",계약기간(월수)의 2/3회 이상 당행 입출금통장 통한 자동이체 시 연 0.8%p,제한없음,영업점,"*만기 후 1개월 이하 : 이 예금의 가입 당시 약정금리나 만기시점의 동일 상품, 동일 계약기간의 신규약정금리 중 낮은 금리를 적용 
*만기 후 1개월 초과 : 연 0.1% ※ 만기시점의 동일 상품, 동일 계약기간이 없을 경우 가입 당시의 약정금리를 적용",영업점 전용상품,2,1,* 자동이체 : 0.8% [ 4개월이상 자동이체 성공시 ] ,,,0.8%,,,,,,,,,,,,,,,,,
107,웰컴저축은행,e정기적금,정액적립식,2.90%,2.45%,"4,293",3.70%,1.890952421573688,단리,6개월,2022-11-22,"예적금문의 16619400, 대출문의 16610001 공시담당 : 디지털금융기획팀",계약기간(월수)의 2/3회 이상 당행 입출금통장 통한 자동이체 시 연 0.8%p,제한없음,온라인,"*만기 후 1개월 이하 : 이 예금의 가입 당시 약정금리나 만기시점의 동일 상품, 동일 계약기간의 신규약정금리 중 낮은 금리를 적용 
*만기 후 1개월 초과 : 연 0.1% ※ 만기시점의 동일 상품, 동일 계약기간이 없을 경우 가입 당시의 약정금리를 적용",인터넷뱅킹 전용상품,2,2,* 자동이체 : 0.8% [ 4개월이상 자동이체 성공시 ] ,,,0.8%,,,,,,,,,,,,,,,,,
108,웰컴저축은행,m정기적금,정액적립식,2.90%,2.45%,"4,293",3.70%,1.890952421573688,단리,6개월,2022-11-22,"예적금문의 16619400, 대출문의 16610001 공시담당 : 디지털금융기획팀",계약기간(월수)의 2/3회 이상 당행 입출금통장 통한 자동이체 시 연 0.8%p,제한없음,온라인,"*만기 후 1개월 이하 : 이 예금의 가입 당시 약정금리나 만기시점의 동일 상품, 동일 계약기간의 신규약정금리 중 낮은 금리를 적용 
*만기 후 1개월 초과 : 연 0.1% ※ 만기시점의 동일 상품, 동일 계약기간이 없을 경우 가입 당시의 약정금리를 적용",스마트(모바일)뱅킹 전용상품,2,2,* 자동이체 : 0.8% [ 4개월이상 자동이체 성공시 ] ,,,0.8%,,,,,,,,,,,,,,,,,
109,디비저축은행,정기적금,정액적립식,2.80%,2.37%,"4,145",2.80%,1.832023071850597,단리,6개월,2022-10-18,"고객문의 1600-4902, (공시)개인금융팀 0237051684",* 우대조건 : * 최고우대금리 : 0.2% - 인터넷 가입시 : 연 0.1% - 모바일 가입시 : 연 0.2%,제한없음,영업점,* 만기후 이자율 : *1개월 이하: 기본이율 *1개월 초과: 0.5%,창구전용상품,2,1,우대사항없음,,,,,,,,,,,,,,,,,,,,
110,삼호저축은행,정기적금,정액적립식,2.80%,2.37%,"4,145",2.80%,1.832023071850597,단리,6개월,2023-01-05,"경영관리부,063-900-2110",-,없음,영업점,"만기후 1개월 이내 해지시 약정금리 적용,
만기후 1개월 초과 이후 해지시 보통예금 이율적용(2020.7월27일 현재 보통예금 이율 0.5%)",없음,3,1,우대사항없음,,,,,,,,,,,,,,,,,,,,
111,삼호저축은행,정기적금(인터넷-모바일),정액적립식,2.80%,2.37%,"4,145",2.80%,1.832023071850597,단리,6개월,2023-01-05,"경영관리부,063-900-2110",-,없음,온라인,"만기후 1개월 이내 해지시 약정금리 적용,
만기후 1개월 초과 이후 해지시 보통예금 이율적용(2020.7월27일 현재 보통예금 이율 0.5%)",없음,3,2,우대사항없음,,,,,,,,,,,,,,,,,,,,
112,세람상호저축은행,정기적금,정액적립식,2.80%,2.37%,"4,145",2.80%,1.832023071850597,단리,6개월,2023-11-07,"기획팀, 031-822-1623","인터넷뱅킹, 스마트폰뱅킹 가입 시 우대금리 지급(+0.2~0.3%)",제한없음,모두가능,"1개월내 : 약정금리와 해당 계약기간의 현행금리 중 낮은 금리 
1개월 초과: 보통예금 금리",없음,2,5,우대사항없음,,,,,,,,,,,,,,,,,,,,
113,솔브레인저축은행,자유정기적금,자유적립식,2.80%,2.37%,-,2.80%,1.832023071850597,단리,6개월,2023-03-17,"경영지원부,051-861-8600",없음,제한없음,모두가능,"- 만기후 1개월 까지 : 계약기간별 [가입 시 약정이율과 만기시점 약정이율] 중 낮은이율(고정)
- 만기후 1개월 이후 : 현행 보통예금 이율",없음,5,4,우대사항없음,,,,,,,,,,,,,,,,,,,,
114,수협은행,헤이(Hey)적금(자유적립식),자유적립식,2.80%,2.37%,-,3.70%,1.832023071850597,단리,6개월,2023-10-20,"개인금융부(수신), 1588-1515 개인금융부(여신), 1588-1515",* 최대우대금리:0.9% 1. 마케팅동의 : 0.1% (신규시) 2. 자동이체 납입 : 0.5% (만기시) 3. 예·적금 신규고객 : 0.3% (신규시) 4. 예·적금 만기후 1개월 이내 재가입고객 : 0.3%(신규시) ※단위:연%p,실명의 개인,온라인,"* 만기후 1년 이내
 - 만기당시 상호부금
계약기간별 기본금리 1/2
* 만기후 1년 초과
 - 만기당시 보통예금 기본금리","*1인 1계좌
*월 가입한도 : 50만원
*스마트폰 전용",2,3,"* 마케팅동의 : 0.1% [ 신규가입 시]
* 자동이체 : 0.5% [ 만기시]
* 최초거래 : 0.3% [ 예/적금 신규 혹은 재가입고객 ]",,0.1%,0.5%,,0.3%,,,,,,,,,,,,,,,
115,수협은행,헤이(Hey)적금(정액적립식),정액적립식,2.80%,2.37%,"4,145",3.70%,1.832023071850597,단리,6개월,2023-10-20,"개인금융부(수신), 1588-1515 개인금융부(여신), 1588-1515",* 최대우대금리:0.9% 1. 마케팅동의 : 0.1% (신규시) 2. 자동이체 납입 : 0.5% (만기시) 3. 예·적금 신규고객 : 0.3% (신규시) 4. 예·적금 만기후 1개월 이내 재가입고객 : 0.3%(신규시) ※단위:연%p,실명의 개인,온라인,"* 만기후 1년 이내
 - 만기당시 정기적금 
계약기간별 기본금리 1/2
* 만기후 1년 초과
 - 만기당시 보통예금 기본금리","*1인 1계좌
*월 가입한도 : 50만원
*스마트폰 전용",2,2,"* 마케팅동의 : 0.1% [ 신규가입 시]
* 자동이체 : 0.5% [ 만기시]
* 최초거래 : 0.3% [ 예/적금 신규 혹은 재가입고객 ]",,0.1%,0.5%,,0.3%,,,,,,,,,,,,,,,
116,비엔케이저축은행,정기적금,정액적립식,2.80%,2.37%,"4,145",2.80%,1.832023071850597,단리,6개월,2023-02-10,"경영기획부, 16449988",없음,제한없음,모두가능,"* 1개월내 
: 약정이율과 가입시 약정기간과 동일한 현행 고시금리 중 낮은 금리
* 1개월이후
: 보통예금 금리 적용",없음,4,5,우대사항없음,,,,,,,,,,,,,,,,,,,,
117,비엔케이저축은행,정기적금,정액적립식,2.80%,2.37%,"4,159",2.80%,-0.3754254465601847,복리,6개월,2023-02-10,"경영기획부, 16449988",없음,제한없음,모두가능,"* 1개월내 
: 약정이율과 가입시 약정기간과 동일한 현행 고시금리 중 낮은 금리
* 1개월이후
: 보통예금 금리 적용",없음,4,0,우대사항없음,,,,,,,,,,,,,,,,,,,,
118,경남은행,BNK 위더스(With-us)자유적금,자유적립식,2.75%,2.33%,-,6.25%,1.8025647892509824,단리,6개월,2023-10-23,"리테일금융부(대출문의),055-290-8743 마케팅추진부(예·적금상품),1600-8585",①ESG 실천 우대금리 1.50% - 영업점 가입 및 증빙서류 지참 한하여 적용 (2023.8.17 ~ 2023.11.30 이후 0.5%) ②신규고객 우대금리 0.50% - 당행 1년 이내예적금(청약포함)신규해지 이력미보유 ③공동가입우대금리 1.50%,개인 및 개인사업자,모두가능,"만기후 1개월 이내: 일반정기예금 기본이율의 50%
만기후 1개월 초과: 일반정기예금 기본이율의 20%","1.계약기간은 1개월 이상 36개월 이내 월단위
2.1인 1계좌
3.매월 최소 1만원 이상, 최고 100만원 이하 (천원 단위)",2,3,"* 환경 : 0.5% [ ESG 영업점 가입 및 증빙서류 지참 ]
* 최초거래 : 0.5% [당행 1년 이내 예적금 신규해지 이력 미보유]
* 기타 : 1.5% [ 공동가입 ]",,,,,0.5%,,,,,,,,,1.5%,,0.5%,,,,
119,대구은행,IM스마트적금,자유적립식,2.75%,2.33%,-,3.20%,1.8025647892509824,단리,6개월,2023-10-20,"개인여신기획부, 053-740-2230 리테일마케팅부, 053-740-2162",* 최고우대금리 : 연0.45%p - 가입일로부터 3개월 이내 1가지 이상 요건 충족시 : 연0.20%p ① 대구은행 주택청약종합저축 보유 ② 대구은행 신용(체크)카드 결제실적 보유 - 전체 계약월수 중 1/2이상 DGB대구은행 계좌에서 자동이체 납입 시 : 연0.20%p * 상품을 인터넷/스마트뱅크를 통해 가입시 우대 : 연0.05%p,실명의 개인,온라인,"만기 후 1개월 미만 경과: 약정이자율 x 50%
만기 후 3개월 미만 경과: 약정이자율 x 25%
만기 후 3개월 이상 경과: 약정이자율 x 10%","1. 1계좌당 가입한도 : 월 100만원 
(최저 10만원 이상)
2. 비대면채널 전용상품",1,3,"* 카드실적 : 0.2% [대구은행 신용카드 결제 실적 혹은 주택청약종합저축]
* 자동이체 : 0.2% [계약 월수 중 1/2 이상 DGB 대구은행 계좌에서 자동이체]
* 비대면 : 0.05% [인터넷, 모바일]",,,0.2%,0.2%,,,0.05%,,,,,,,,,,,,,
120,한화저축은행,e뱅킹정기적금,정액적립식,2.75%,2.33%,"4,071",2.75%,1.8025647892509824,단리,6개월,2023-11-01,"재무관리팀, 0326575000",-,"인터넷뱅킹, 스마트폰뱅킹 전용",온라인,"- 만기 후 1개월 이하: 만기일 현재 금리 적용
- 만기 후 1개월 초과: 보통예금 이율",없음,3,2,우대사항없음,,,,,,,,,,,,,,,,,,,,
121,부림저축은행,아이사랑 정기적금,정액적립식,2.70%,2.28%,"3,997",2.70%,1.7731107681594027,단리,6개월,2023-10-24,"영업부, 031-443-3800",미취학아동과 부모님이 함께 가입하는 경우,미취학아동과 부모님이 함께 가입,영업점,"- 만기후 1개월 이내 : 가입당시 약정금리와 현재 금리 비교 후 낮은금리
- 만기후 1개월 초과 : 연 0.25%",.,1,1,우대사항없음,,,,,,,,,,,,,,,,,,,,
122,한화저축은행,한화가족사랑정기적금,정액적립식,2.70%,2.28%,"3,997",2.70%,1.7731107681594027,단리,6개월,2023-11-01,"재무관리팀, 0326575000",-,없음,영업점,"- 만기 후 1개월 이하: 만기일 현재 금리 적용
- 만기 후 1개월 초과: 보통예금 이율",없음,3,1,우대사항없음,,,,,,,,,,,,,,,,,,,,
123,에스비아이저축은행,정기적금,정액적립식,2.70%,2.28%,"3,997",2.90%,1.7731107681594027,단리,6개월,2023-10-26,"고객문의 1566-2210, 사이다 상품 전용 고객문의 1644-5277, (공시)리테일마케팅팀",- 인터넷뱅킹(스마트뱅킹 포함)으로 가입 시 : 연0.1% - SBI패밀리 멤버쉽 최초 가입 당일 적금 가입 시 1인 1계좌 우대금리 적용 : 연 0.1%,제한없음,모두가능,"- 만기 후 1개월 이하: 약정금리와 만기시 동기간 금리 중 낮은 금리

- 만기 후 1개월 초과: 보통예금이율",없음,2,5,"* 비대면 : 0.1%
* 최초거래 : 0.1% [ SBI 패밀리 멤버쉽 1인 1계좌 최초가입]",,,,,0.1%,,0.1%,,,,,,,,,,,,,
124,삼정저축은행,정기적금,정액적립식,2.60%,2.20%,"3,849",2.60%,1.7142155105000167,단리,6개월,2022-09-23,"영업부,0317916411",없음,제한없음,영업점,"- 1개월이내 : 계약일 당시 약정이율과 계약 만기시 약정이율 중 낮은 이율
- 1개월초과 : 보통예금 이율",없음,1,1,우대사항없음,,,,,,,,,,,,,,,,,,,,
125,삼정저축은행,e-정기적금,정액적립식,2.60%,2.20%,"3,849",2.60%,1.7142155105000167,단리,6개월,2022-09-23,"영업부,0317916411",없음,제한없음,온라인,"- 1개월이내 : 계약일 당시 약정이율과 계약 만기시 약정이율 중 낮은 이율
- 1개월초과 : 보통예금 이율",없음,1,2,우대사항없음,,,,,,,,,,,,,,,,,,,,
126,삼정저축은행,s-정기적금,정액적립식,2.60%,2.20%,"3,849",2.60%,1.7142155105000167,단리,6개월,2022-09-23,"영업부,0317916411",없음,제한없음,온라인,"- 1개월이내 : 계약일 당시 약정이율과 계약 만기시 약정이율 중 낮은 이율
- 1개월초과 : 보통예금 이율",없음,1,2,우대사항없음,,,,,,,,,,,,,,,,,,,,
127,하나저축은행,1Q비대면정기적금,정액적립식,2.60%,2.20%,"3,861",2.60%,-0.4915426612557172,복리,6개월,2023-10-10,(예적금)수신기획팀 0222302562 (개인대출)리테일금융부 0222302817,없음,제한없음,온라인,"-1개월 이내 :가입 당시 약정금리
-1개월 초과 : 현행 고시 보통예금 금리","1..최저 가입금액 : 1만원이상

2. 중도해지금리
-1개월미만 : 보통예금 금리 
-1개월이상 : 약정금리 * (경과월수 / 계약월수)*차등율

-1개월이상~12개월미만(차등율:60%)
-12개월이상~24개월미만(차등율:70%)
-24개월 이상(차등율 80%)",3,0,우대사항없음,,,,,,,,,,,,,,,,,,,,
128,하나저축은행,1Q비대면정기적금,정액적립식,2.60%,2.20%,"3,849",2.60%,1.7142155105000167,단리,6개월,2023-10-10,(예적금)수신기획팀 0222302562 (개인대출)리테일금융부 0222302817,없음,제한없음,온라인,"-1개월 이내 :가입 당시 약정금리
-1개월 초과 : 현행 고시 보통예금 금리","1..최저 가입금액 : 1만원이상

2. 중도해지금리
-1개월미만 : 보통예금 금리 
-1개월이상 : 약정금리 * (경과월수 / 계약월수)*차등율

-1개월이상~12개월미만(차등율:60%)
-12개월이상~24개월미만(차등율:70%)
-24개월 이상(차등율 80%)",3,2,우대사항없음,,,,,,,,,,,,,,,,,,,,
129,한성저축은행,정기적금,정액적립식,2.60%,2.20%,"3,849",2.60%,1.7142155105000167,단리,6개월,2022-07-22,"기획부, 043-730-0534",없음,제한없음,영업점,1개월 이내 약정금리와 현행금리 중 낮은 금리 적용. 1개월 초과 계약일의 보통예금이율 적용,"*방문가입  
* 중도해지이율  
- 1개월미만 : 계약일의 보통예금 이율  
- 1개월이상 6개월미만 : 약정이율의 50%  
- 6개월이상 12개월미만 : 약정이율의 55%  
- 12개월이상 : 약정이율의 60%  
* 단, 최저금리는 보통예금이율 이상 적용",2,1,우대사항없음,,,,,,,,,,,,,,,,,,,,
130,한성저축은행,e-정기적금,정액적립식,2.60%,2.20%,"3,849",2.60%,1.7142155105000167,단리,6개월,2022-07-22,"기획부, 043-730-0534",없음,제한없음,온라인,1개월 이내 약정금리와 현행금리 중 낮은 금리 적용. 1개월 초과 계약일의 보통예금이율 적용,"*방문가입  
* 중도해지이율  
- 1개월미만 : 계약일의 보통예금 이율  
- 1개월이상 6개월미만 : 약정이율의 50%  
- 6개월이상 12개월미만 : 약정이율의 55%  
- 12개월이상 : 약정이율의 60%  
* 단, 최저금리는 보통예금이율 이상 적용",2,2,우대사항없음,,,,,,,,,,,,,,,,,,,,
131,한성저축은행,m-정기적금,정액적립식,2.60%,2.20%,"3,849",2.60%,1.7142155105000167,단리,6개월,2022-07-22,"기획부, 043-730-0534",없음,제한없음,온라인,1개월 이내 약정금리와 현행금리 중 낮은 금리 적용. 1개월 초과 계약일의 보통예금이율 적용,"*방문가입  
* 중도해지이율  
- 1개월미만 : 계약일의 보통예금 이율  
- 1개월이상 6개월미만 : 약정이율의 50%  
- 6개월이상 12개월미만 : 약정이율의 55%  
- 12개월이상 : 약정이율의 60%  
* 단, 최저금리는 보통예금이율 이상 적용",2,2,우대사항없음,,,,,,,,,,,,,,,,,,,,
132,더블저축은행,정기적금,정액적립식,2.50%,2.12%,"3,701",2.50%,1.6553372988725503,단리,6개월,2023-06-27,"영업6팀, 0622207236",없음,제한없음,영업점,"*만기경과 1개월이내 : 
- 해당 약정기간 정기적금 현행이율
*만기경과 1개월이후 : 보통예금 이율",예금자보호한도외 기타사항 없음,5,1,우대사항없음,,,,,,,,,,,,,,,,,,,,
133,더블저축은행,"정기적금(인터넷뱅킹,비대면)",정액적립식,2.50%,2.12%,"3,701",2.50%,1.6553372988725503,단리,6개월,2023-06-27,"영업6팀, 0622207236",없음,제한없음,온라인,"*만기경과 1개월이내 : 
- 해당 약정기간 정기적금 현행이율
*만기경과 1개월이후 : 보통예금 이율",예금자보호한도외 기타사항 없음,5,2,우대사항없음,,,,,,,,,,,,,,,,,,,,
134,동양저축은행,정기적금,정액적립식,2.50%,2.12%,"3,701",2.50%,1.6553372988725503,단리,6개월,2023-03-28,"(기업금융팀 ,062-720-0866)",없음,제한없음,영업점,"1개월내:가입 당시 이율과 만기시점 해당 계약기간 이율과 비교하여 낮은 금리 적용
1개월후:보통예금 금리와 동일",없음,5,1,우대사항없음,,,,,,,,,,,,,,,,,,,,
135,동양저축은행,"정기적금(비대면, 인터넷뱅킹, 스마트폰뱅킹)",정액적립식,2.50%,2.12%,"3,701",2.50%,1.6553372988725503,단리,6개월,2023-03-28,"(기업금융팀 ,062-720-0866)",없음,제한없음,온라인,"1개월내:가입 당시 이율과 만기시점 해당 계약기간 이율과 비교하여 낮은 금리 적용
1개월후:보통예금 금리와 동일",없음,5,2,우대사항없음,,,,,,,,,,,,,,,,,,,,
136,드림저축은행,인터넷 정기적금,정액적립식,2.50%,2.12%,"3,701",2.50%,1.6553372988725503,단리,6개월,2023-11-06,경영지원부 053-663-5027,-,- 제한없음,온라인,"-1개월 이내: 공시이율과 약정이율 중 낮은 이율
-1개월 초과: 보통예금 금리",-인터넷 전용,3,2,우대사항없음,,,,,,,,,,,,,,,,,,,,
137,드림저축은행,정기적금,정액적립식,2.50%,2.12%,"3,701",2.50%,1.6553372988725503,단리,6개월,2023-11-06,경영지원부 053-663-5027,-,- 제한없음,영업점,"-1개월 이내: 공시이율과 약정이율 중 낮은 이율
-1개월 초과: 보통예금 금리",-,3,1,우대사항없음,,,,,,,,,,,,,,,,,,,,
138,드림저축은행,톡톡 정기적금 (비대면),정액적립식,2.50%,2.12%,"3,701",2.50%,1.6553372988725503,단리,6개월,2023-11-06,경영지원부 053-663-5027,-,- 제한없음,온라인,"-1개월 이내: 공시이율과 약정이율 중 낮은 이율
-1개월 초과: 보통예금 금리","-스마트폰
전용",3,2,우대사항없음,,,,,,,,,,,,,,,,,,,,
139,부림저축은행,정기적금,정액적립식,2.50%,2.12%,"3,701",2.50%,1.6553372988725503,단리,6개월,2023-10-24,"영업부, 031-443-3800",없음,개인 및 법인고객,영업점,"- 만기후 1개월 이내 : 가입당시 약정금리와 현재 금리 비교 후 낮은금리
- 만기후 1개월 초과 : 연 0.25%",.,1,1,우대사항없음,,,,,,,,,,,,,,,,,,,,
140,부림저축은행,톡톡정기적금(비대면),정액적립식,2.50%,2.12%,"3,701",2.50%,1.6553372988725503,단리,6개월,2023-10-24,"영업부, 031-443-3800",없음,개인,온라인,"- 만기후 1개월 이내 : 가입당시 약정금리와 현재 금리 비교 후 낮은금리
- 만기후 1개월 초과 : 연 0.25%",.,1,2,우대사항없음,,,,,,,,,,,,,,,,,,,,
141,부림저축은행,e-정기적금,정액적립식,2.50%,2.12%,"3,701",2.50%,1.6553372988725503,단리,6개월,2023-10-24,"영업부, 031-443-3800",인터넷으로 가입,개인 및 법인고객,온라인,"- 만기후 1개월 이내 : 가입당시 약정금리와 현재 금리 비교 후 낮은금리
- 만기후 1개월 초과 : 연 0.25%",.,1,2,우대사항없음,,,,,,,,,,,,,,,,,,,,
142,부산은행,ESG 행복그림 적금,자유적립식,2.50%,2.12%,-,5.50%,1.6553372988725503,단리,6개월,2023-10-31,"(예금)마케팅추진부, 051-620-3339 (대출)여신기획부, 051-620-3423 실제 상담은 인근 영업점이나 당행 콜센터(1588-6200)로 문의",*우대이율 최대 3.0% -이 적금 가입 후 만기 달성 시 : 3.00%,만 19세 이상 실명의 개인고객 (1인 1계좌),온라인,"- 만기후 1년이내:가입기간별 일반정기적금 기본이율 x 50%
- 만기후 1년초과:가입기간별 일반정기적금 기본이율 x 20%","1. 가입한도: 월 1만원 이상 30만원 이하 1만원 단위
2. 자유적립식",1,3,* 만기 : 3.0%,,,,,,,,,,,3.0%,,,,,,,,,
143,스마트저축은행,정기적금,정액적립식,2.50%,2.12%,"3,701",2.50%,1.6553372988725503,단리,6개월,2022-07-19,"금융소비자보호팀, 070-4376-7742",없음,누구나 가입가능,영업점,"○ 만기후 1개월이내 : 가입당시 약정이율과 만기시점 해당상품 신규약정이율 중 낮은이율 
○ 만기후 1개월이후 : 0.3%",가입한도 없음,4,1,우대사항없음,,,,,,,,,,,,,,,,,,,,
144,스마트저축은행,e-로운 정기적금,정액적립식,2.50%,2.12%,"3,701",2.50%,1.6553372988725503,단리,6개월,2022-07-19,"금융소비자보호팀, 070-4376-7742",없음,누구나 가입가능,온라인,"○ 만기후 1개월이내 : 가입당시 약정이율과 만기시점 해당상품 신규약정이율 중 낮은이율 
○ 만기후 1개월이후 : 0.3%",가입채널 제한(스마트폰 전용),4,2,우대사항없음,,,,,,,,,,,,,,,,,,,,
145,스마트저축은행,e-정기적금,정액적립식,2.50%,2.12%,"3,701",2.50%,1.6553372988725503,단리,6개월,2022-07-19,"금융소비자보호팀, 070-4376-7742",없음,누구나 가입가능,온라인,"○ 만기후 1개월이내 : 가입당시 약정이율과 만기시점 해당상품 신규약정이율 중 낮은이율 
○ 만기후 1개월이후 : 0.3%","가입채널 제한(인터넷, 모바일 전용)",4,2,우대사항없음,,,,,,,,,,,,,,,,,,,,
146,에스앤티저축은행,정기적금,정액적립식,2.50%,2.12%,"3,701",2.50%,1.6553372988725503,단리,6개월,2023-03-29,"경영기획팀, 055-222-8110",없음,제한없음,영업점,"-만기 후 1개월 이내 : 가입당시 약정금리
-만기 후 1개월 이후 : 0.20% (보통예금 금리적용)","예금자보호법에 의해 원리금 기준 5,000만원까지 보호",3,1,우대사항없음,,,,,,,,,,,,,,,,,,,,
147,에스앤티저축은행,정기적금(비대면),정액적립식,2.50%,2.12%,"3,701",2.50%,1.6553372988725503,단리,6개월,2023-03-29,"경영기획팀, 055-222-8110",없음,제한없음,온라인,"-만기 후 1개월 이내 : 가입당시 약정금리
-만기 후 1개월 이후 : 0.20% (보통예금 금리적용)","예금자보호법에 의해 원리금 기준 5,000만원까지 보호",3,2,우대사항없음,,,,,,,,,,,,,,,,,,,,
148,영진저축은행,e-정기적금,정액적립식,2.50%,2.12%,"3,712",2.50%,-0.5495517227278701,복리,6개월,2023-03-03,영업부 0326512121,없음,내·외국인 대상,온라인,"만기후 1개월이내 해지시 약정이율 적용(가입시점 이율과 만기시점 이율 중 낮은 이율)
만기후 1개월이후 해지시 보통예금금리(0.5%)적용",1만원이상 가입가능,5,0,우대사항없음,,,,,,,,,,,,,,,,,,,,
149,영진저축은행,e-정기적금,정액적립식,2.50%,2.12%,"3,701",2.50%,1.6553372988725503,단리,6개월,2023-03-03,영업부 0326512121,없음,내·외국인 대상,온라인,"만기후 1개월이내 해지시 약정이율 적용(가입시점 이율과 만기시점 이율 중 낮은 이율)
만기후 1개월이후 해지시 보통예금금리(0.5%)적용",1만원이상 가입가능,5,2,우대사항없음,,,,,,,,,,,,,,,,,,,,
150,영진저축은행,m-정기적금,정액적립식,2.50%,2.12%,"3,712",2.50%,-0.5495517227278701,복리,6개월,2023-03-03,영업부 0326512121,없음,내·외국인 대상,온라인,"만기후 1개월이내 해지시 약정이율 적용(가입시점 이율과 만기시점 이율 중 낮은 이율)
만기후 1개월이후 해지시 보통예금금리(0.5%)적용",1만원이상 가입가능,5,0,우대사항없음,,,,,,,,,,,,,,,,,,,,
151,영진저축은행,m-정기적금,정액적립식,2.50%,2.12%,"3,701",2.50%,1.6553372988725503,단리,6개월,2023-03-03,영업부 0326512121,없음,내·외국인 대상,온라인,"만기후 1개월이내 해지시 약정이율 적용(가입시점 이율과 만기시점 이율 중 낮은 이율)
만기후 1개월이후 해지시 보통예금금리(0.5%)적용",1만원이상 가입가능,5,2,우대사항없음,,,,,,,,,,,,,,,,,,,,
152,영진저축은행,SB톡톡-정기적금,정액적립식,2.50%,2.12%,"3,712",2.50%,-0.5495517227278701,복리,6개월,2023-03-03,영업부 0326512121,없음,내국인 대상,온라인,"만기후 1개월이내 해지시 약정이율 적용(가입시점 이율과 만기시점 이율 중 낮은 이율)
만기후 1개월이후 해지시 보통예금금리(0.5%)적용",1만원이상 가입가능,5,0,우대사항없음,,,,,,,,,,,,,,,,,,,,
153,영진저축은행,SB톡톡-정기적금,정액적립식,2.50%,2.12%,"3,701",2.50%,1.6553372988725503,단리,6개월,2023-03-03,영업부 0326512121,없음,내국인 대상,온라인,"만기후 1개월이내 해지시 약정이율 적용(가입시점 이율과 만기시점 이율 중 낮은 이율)
만기후 1개월이후 해지시 보통예금금리(0.5%)적용",1만원이상 가입가능,5,2,우대사항없음,,,,,,,,,,,,,,,,,,,,
154,하나저축은행,정기적금,정액적립식,2.50%,2.12%,"3,712",2.60%,-0.5495517227278701,복리,6개월,2023-10-10,(예적금)수신기획팀 0222302562 (개인대출)리테일금융부 0222302817,"* 최고우대금리 : 2.4% - 인터넷/스마트뱅킹/모바일브랜치/SB톡톡(비대면)가입시 : 0.1% 사회적배려대상 고객가입시 (영업점 가입,1인 1계좌(활동좌),월 불입금 50만원 까지) :2.4% ※ 단위는 연%p",제한없음,모두가능,"-1개월 이내 :가입 당시 약정금리
-1개월 초과 : 현행 고시 보통예금 금리","1..최저 가입금액 : 1만원이상

2. 중도해지금리
-1개월미만 : 보통예금 금리 
-1개월이상 : 약정금리 * (경과월수 / 계약월수)*차등율

-1개월이상~12개월미만(차등율:60%)
-12개월이상~24개월미만(차등율:70%)
-24개월 이상(차등율 80%)",3,0,"* 비대면 : 0.1%
* 기타 : 2.4% [ 사회배려자대상한정, 월 50만원까지 ]",,,,,,,0.1%,,,,,,,2.4%,,,,,,
155,하나저축은행,정기적금,정액적립식,2.50%,2.12%,"3,701",2.60%,1.6553372988725503,단리,6개월,2023-10-10,(예적금)수신기획팀 0222302562 (개인대출)리테일금융부 0222302817,"* 최고우대금리 : 2.4% - 인터넷/스마트뱅킹/모바일브랜치/SB톡톡(비대면)가입시 : 0.1% 사회적배려대상 고객가입시 (영업점 가입,1인 1계좌(활동좌),월 불입금 50만원 까지) :2.4% ※ 단위는 연%p",제한없음,모두가능,"-1개월 이내 :가입 당시 약정금리
-1개월 초과 : 현행 고시 보통예금 금리","1..최저 가입금액 : 1만원이상

2. 중도해지금리
-1개월미만 : 보통예금 금리 
-1개월이상 : 약정금리 * (경과월수 / 계약월수)*차등율

-1개월이상~12개월미만(차등율:60%)
-12개월이상~24개월미만(차등율:70%)
-24개월 이상(차등율 80%)",3,5,"* 비대면 : 0.1%
* 기타 : 2.4% [ 사회배려자대상한정, 월 50만원까지 ]",,,,,,,0.1%,,,,,,,2.4%,,,,,,
156,한국산업은행,정기적금,정액적립식,2.50%,2.12%,"3,701",2.50%,1.6553372988725503,단리,6개월,2023-10-20,"(예금)수신기획부, 02-787-7410 (개인대출)지역성장지원실, 051-640-3372 (기업대출)영업기획부, 02-787-6929",해당없음,제한없음,영업점,지급일 현재 고시된 일반정기예금 만기후 이자율 적용,해당없음,2,1,우대사항없음,,,,,,,,,,,,,,,,,,,,
157,아이비케이저축은행,참똑똑한IBK저축은행정기적금,정액적립식,2.50%,2.12%,"3,701",2.50%,1.6553372988725503,단리,6개월,2023-07-26,"영업기획부,0517914393","비대면, 인터넷,모바일 가입시 0.1%우대(12개월이상)",제한없음,모두가능,"- 만기경과 1개월 이내 
: 약정금리와 현행고시 
금리중 낮은이율

- 만기경과 1개월 초과
: 보통예금 이율",없음,5,5,우대사항없음,,,,,,,,,,,,,,,,,,,,
158,아이비케이저축은행,참똑똑한IBK저축은행정기적금,정액적립식,2.50%,2.12%,"3,712",2.50%,-0.5495517227278701,복리,6개월,2023-07-26,"영업기획부,0517914393","비대면, 인터넷,모바일 가입시 0.1%우대(12개월이상)",제한없음,모두가능,"- 만기경과 1개월 이내 
: 약정금리와 현행고시 
금리중 낮은이율

- 만기경과 1개월 초과
: 보통예금 이율",없음,5,0,우대사항없음,,,,,,,,,,,,,,,,,,,,
159,아이비케이저축은행,참똑똑한IBK저축은행정기적금(비대면),정액적립식,2.50%,2.12%,"3,712",2.50%,-0.5495517227278701,복리,6개월,2023-07-26,"영업기획부,0517914393",없음,제한없음,온라인,"- 만기경과 1개월 이내 
: 약정금리와 현행고시 
금리중 낮은이율

- 만기경과 1개월 초과
: 보통예금 이율",없음,5,0,우대사항없음,,,,,,,,,,,,,,,,,,,,
160,아이비케이저축은행,참똑똑한IBK저축은행정기적금(비대면),정액적립식,2.50%,2.12%,"3,701",2.50%,1.6553372988725503,단리,6개월,2023-07-26,"영업기획부,0517914393",없음,제한없음,온라인,"- 만기경과 1개월 이내 
: 약정금리와 현행고시 
금리중 낮은이율

- 만기경과 1개월 초과
: 보통예금 이율",없음,5,2,우대사항없음,,,,,,,,,,,,,,,,,,,,
161,영진저축은행,정기적금,정액적립식,2.40%,2.03%,"3,553",2.40%,1.5964761332769806,단리,6개월,2023-03-03,영업부 0326512121,"계약기간이 1년이상인 정기예금, 정기적금, 신용부금 만기수령액 이하를 1년 이상으로 재예치시",내·외국인 대상,영업점,"만기후 1개월이내 해지시 약정이율 적용(가입시점 이율과 만기시점 이율 중 낮은 이율)
만기후 1개월이후 해지시 보통예금금리(0.5%)적용",1만원이상 가입가능,5,1,우대사항없음,,,,,,,,,,,,,,,,,,,,
162,영진저축은행,정기적금,정액적립식,2.40%,2.03%,"3,563",2.40%,-0.6075277777593867,복리,6개월,2023-03-03,영업부 0326512121,"계약기간이 1년이상인 정기예금, 정기적금, 신용부금 만기수령액 이하를 1년 이상으로 재예치시",내·외국인 대상,영업점,"만기후 1개월이내 해지시 약정이율 적용(가입시점 이율과 만기시점 이율 중 낮은 이율)
만기후 1개월이후 해지시 보통예금금리(0.5%)적용",1만원이상 가입가능,5,1,우대사항없음,,,,,,,,,,,,,,,,,,,,
163,조은저축은행,정기적금(서울본점),정액적립식,2.40%,2.03%,"3,553",2.40%,1.5964761332769806,단리,6개월,2023-11-02,"(재무팀,0222600758)","*최고우대금리 : 0.1% -자영업자, 직장인(증빙서류제출-재직증명서, 사업자등록증, 명함, 사원카드) : 0.1%",제한없음,영업점,"- 1개월이내 해지: 만기시 동일상품 동일계약기간의 신규약정금리
'- 1개월초과 이후 해지: 보통예금 이율",없음,4,1,우대사항없음,,,,,,,,,,,,,,,,,,,,
164,조은저축은행,정기적금(여수지점),정액적립식,2.40%,2.03%,"3,553",2.40%,1.5964761332769806,단리,6개월,2023-11-02,"(재무팀,0222600758)","*최고우대금리 : 0.1% -자영업자, 직장인(증빙서류제출-재직증명서, 사업자등록증, 명함, 사원카드) : 0.1%",제한없음,영업점,"- 1개월이내 해지: 만기시 동일상품 동일계약기간의 신규약정금리
'- 1개월초과 이후 해지: 보통예금 이율",없음,4,1,우대사항없음,,,,,,,,,,,,,,,,,,,,
165,조은저축은행,e-정기적금,정액적립식,2.40%,2.03%,"3,553",2.40%,1.5964761332769806,단리,6개월,2023-11-02,"(재무팀,0222600758)",없음,제한없음,온라인,"- 1개월이내 해지: 만기시 동일상품 동일계약기간의 신규약정금리
'- 1개월초과 이후 해지: 보통예금 이율",없음,4,2,우대사항없음,,,,,,,,,,,,,,,,,,,,
166,고려저축은행,응답하라2030정기적금,정액적립식,2.30%,1.95%,"3,405",2.30%,1.5376320137131971,단리,6개월,2023-02-02,"영업추진팀,051-640-9023",-,*만20~30대만 가입가능 (나이제한),영업점,"*2019.06.30 가입분까지 만기시점 보통예금이자율(현재0.1%)
*2019.07.01 가입분부터 
1개월이내: 당초 약정금리와 만기시 동일상품 동일계약기간의 신규약정금리 중 낮은이율
1개월초과: 보통예금이자율(현재0.1%)",-,4,1,우대사항없음,,,,,,,,,,,,,,,,,,,,
167,동원제일저축은행,정기적금(비대면),정액적립식,2.30%,1.95%,"3,414",2.30%,-0.6654708444454815,복리,6개월,2022-09-30,"기획부, 1544-8811",없음,제한없음,온라인,"-만기 후 1개월 까지: 최종약정이율과 현재이율 중 낮은금리 적용
-만기 후 1개월 초과: 보통예금 금리 적용",월 최대 불입금:100만원,4,0,우대사항없음,,,,,,,,,,,,,,,,,,,,
168,동원제일저축은행,정기적금(비대면),정액적립식,2.30%,1.95%,"3,405",2.30%,1.5376320137131971,단리,6개월,2022-09-30,"기획부, 1544-8811",없음,제한없음,온라인,"-만기 후 1개월 까지: 최종약정이율과 현재이율 중 낮은금리 적용
-만기 후 1개월 초과: 보통예금 금리 적용",월 최대 불입금:100만원,4,2,우대사항없음,,,,,,,,,,,,,,,,,,,,
169,우리저축은행,정기적금(월수)(비대면),정액적립식,2.30%,1.95%,"3,405",2.30%,1.5376320137131971,단리,6개월,2021-08-13,"여신팀,0518119426",없음,제한없음,온라인,"- 만기 후 1개월 이내 : 약정금리와 현재금리 비교 후 낮은 금리
- 만기 후 1개월 초과 : 보통예금이율",없음,5,2,우대사항없음,,,,,,,,,,,,,,,,,,,,
170,제주은행,탐이나요적금,자유적립식,2.30%,1.95%,-,5.00%,1.5376320137131971,단리,6개월,2023-10-20,"영업추진본부, 064-720-0287",아래의 우대요건 충족시 최고 2.7%p 추가 우대(만기시 제공) (공통)매월 JBANK로그인 시 0.2% 한 가지라도 수행시 2.5% 제공 ①추천인 코드로 3명 이상 가입시 ②탐나는전 체크카드 월30만원 이상 사용 유지 시 ③탐나는전 선불카드 충전계좌를 당행 입출금계좌로 등록 후 평잔 50만원 이상 유지 시,개인 및 개인사업자,온라인,"- 만기후 1개월 이내 : (일반)정기적금 기본이자율의 50%
(단, 최저금리 0.1%)
- 만기후 1개월 초과 3개월 이내 : (일반)정기적금 기본이자율의 25%
(단, 최저금리 0.1%)
- 만기후 3개월 초과 : 0.1%",월 납입한도 100만원 이하,1,3,"* 카드실적 : 2.5% [추천인 3명이상, 탐나는전 선불카드 입출금계좌로 등록 후 50만원 이상 유지 시 ]
* 해당은행 : 0.2% [ 매월 JBANK 로그인시 ]",,,,2.5%,,,,,0.2%,,,,,,,,,,,
171,더케이저축은행,e-정기적금,정액적립식,2.20%,1.86%,"3,257",2.20%,1.478804940181333,단리,6개월,2022-10-04,"전략기획팀, 02-569-5600",없음,제한없음,온라인,"-30일 이내 : 약정금리와 현행 고시금리중 낮은 이율
-30일 이후 : 보통예금 이율","-인터넷뱅킹, 스마트폰뱅킹 전용",4,2,우대사항없음,,,,,,,,,,,,,,,,,,,,
172,우리저축은행,정기적금(월수),정액적립식,2.20%,1.86%,"3,257",2.20%,1.478804940181333,단리,6개월,2021-08-13,"여신팀,0518119426",없음,제한없음,영업점,"- 만기 후 1개월 이내 : 약정금리와 현재금리 비교 후 낮은 금리
- 만기 후 1개월 초과 : 보통예금이율",없음,5,1,우대사항없음,,,,,,,,,,,,,,,,,,,,
173,키움예스저축은행,"키워드림 e-정기적금 (인터넷뱅킹, 스마트뱅킹)",정액적립식,2.20%,1.86%,"3,257",2.20%,1.478804940181333,단리,6개월,2023-02-16,"회계팀, 0261811586",-,제한없음,온라인,"*만기후 1개월 이내 : 당초 약정금리 또는 만기시 동일상품 동일계약기간의 신규 약정금리 중 낮은 이율
*만기후 1개월 초과 : 만기시점 보통예금 이율",-,4,2,우대사항없음,,,,,,,,,,,,,,,,,,,,
174,키움예스저축은행,SB톡톡 키워드림 정기적금 (비대면),정액적립식,2.20%,1.86%,"3,257",2.20%,1.478804940181333,단리,6개월,2023-02-16,"회계팀, 0261811586",-,제한없음,온라인,"*만기후 1개월 이내 : 당초 약정금리 또는 만기시 동일상품 동일계약기간의 신규 약정금리 중 낮은 이율
*만기후 1개월 초과 : 만기시점 보통예금 이율",-,4,2,우대사항없음,,,,,,,,,,,,,,,,,,,,
175,오에스비저축은행,정기적금,정액적립식,2.20%,1.86%,"3,257",2.20%,1.478804940181333,단리,6개월,2023-10-31,(예/적금) 고객지원팀 1644-0052 (공시) 전략분석팀 1644-0052,없음,제한없음,모두가능,"- 만기 후 1개월 이내: 가입 시 약정금리와 만기 시 동일 상품의 금리 중 낮은 금리 적용
- 만기 후 1개월 경과: 보통예금 금리(0.2%)","-월 불입금 1만원 이상
-6개월 이상 ~ 60개월 까지 (월 단위 가능)
-만기시 이자지급",4,5,우대사항없음,,,,,,,,,,,,,,,,,,,,
176,고려저축은행,씨앗정기적금,정액적립식,2.10%,1.78%,"3,109",2.10%,1.4199949126812554,단리,6개월,2023-02-02,"영업추진팀,051-640-9023",*18개월이상 가입건 중 만기원금 전액 예금으로 가입시 예금 +0.2% (증액불가),제한없음,영업점,"*2019.06.30 가입분까지 만기시점 보통예금이자율(현재0.1%)
*2019.07.01 가입분부터 
1개월이내: 당초 약정금리와 만기시 동일상품 동일계약기간의 신규약정금리 중 낮은이율
1개월초과: 보통예금이자율(현재0.1%)",-,4,1,우대사항없음,,,,,,,,,,,,,,,,,,,,
177,대한저축은행,장학적금자유식,자유적립식,2.10%,1.78%,-,2.10%,1.4199949126812554,단리,6개월,2022-08-25,"영업1본부, 062-520-5935",없음,만19세 미만의 청소년만 가입가능,영업점,"- 만기후 1개월이내 : 가입당시 약정금리와 현재금리 비교 후 낮은 금리 
- 만기후 1개월초과 : 보통예금 금리",창구에서만 가입가능,3,4,우대사항없음,,,,,,,,,,,,,,,,,,,,
178,대한저축은행,정기적금,정액적립식,2.10%,1.78%,"3,109",2.10%,1.4199949126812554,단리,6개월,2023-09-21,"영업1본부, 062-520-5935",없음,제한없음,모두가능,"- 만기후 1개월이내 : 가입당시 약정금리와 현재금리 비교 후 낮은 금리

- 만기후 1개월초과 : 보통예금 금리",해당없음,3,5,우대사항없음,,,,,,,,,,,,,,,,,,,,
179,대한저축은행,정기적금-인터넷,정액적립식,2.10%,1.78%,"3,109",2.10%,1.4199949126812554,단리,6개월,2023-09-21,"영업1본부, 062-520-5935",없음,제한없음,온라인,"- 만기후 1개월이내 : 가입당시 약정금리와 현재금리 비교 후 낮은 금리

- 만기후 1개월초과 : 보통예금 금리",해당없음,3,2,우대사항없음,,,,,,,,,,,,,,,,,,,,
180,더케이저축은행,정기적금,정액적립식,2.10%,1.78%,"3,109",2.10%,1.4199949126812554,단리,6개월,2022-10-04,"전략기획팀, 02-569-5600",없음,제한없음,모두가능,"-30일 이내 : 약정금리와 현행 고시금리중 낮은 이율
-30일 이후 : 보통예금 이율",없음,4,5,우대사항없음,,,,,,,,,,,,,,,,,,,,
181,동원제일저축은행,정기적금,정액적립식,2.10%,1.78%,"3,117",2.10%,-0.7812580851161767,복리,6개월,2022-10-04,"기획부, 1544-8811",없음,제한없음,영업점,"-만기 후 1개월 까지: 최종약정이율과 현재이율 중 낮은금리 적용
-만기 후 1개월 초과: 보통예금 금리 적용",-,4,1,우대사항없음,,,,,,,,,,,,,,,,,,,,
182,동원제일저축은행,정기적금,정액적립식,2.10%,1.78%,"3,109",2.10%,1.4199949126812554,단리,6개월,2022-10-04,"기획부, 1544-8811",없음,제한없음,영업점,"-만기 후 1개월 까지: 최종약정이율과 현재이율 중 낮은금리 적용
-만기 후 1개월 초과: 보통예금 금리 적용",-,4,1,우대사항없음,,,,,,,,,,,,,,,,,,,,
183,바로저축은행,스마트정기적금(인터넷),정액적립식,2.10%,1.78%,"3,109",2.10%,1.4199949126812554,단리,6개월,2022-09-13,(예/적금) 자금효율부 02-3467-0157 (공시) 영업기획부 02-3467-0107,없음,제한 없음,온라인,"* 만기후 1개월 이내 : 약정금리와 현행금리 중 낮은 금리 
* 만기후 1개월 초과 : 보통예금 금리","1. 최소납입금액 10,000원 이상",3,2,우대사항없음,,,,,,,,,,,,,,,,,,,,
184,바로저축은행,SB톡톡 정기적금(비대면),정액적립식,2.10%,1.78%,"3,109",2.10%,1.4199949126812554,단리,6개월,2022-09-13,(예/적금) 자금효율부 02-3467-0157 (공시) 영업기획부 02-3467-0107,없음,제한 없음,온라인,"* 만기후 1개월 이내 : 약정금리와 현행금리 중 낮은 금리
* 만기후 1개월 초과 : 보통예금 금리","1. 최소납입금액 10,000원 이상",3,2,우대사항없음,,,,,,,,,,,,,,,,,,,,
185,삼호저축은행,정기적금(자유적립식),자유적립식,2.10%,1.78%,-,2.10%,1.4199949126812554,단리,6개월,2022-09-15,"경영관리부,063-900-2110",없음,없음,영업점,"만기후 1개월 이내 해지시 약정금리 적용, 만기후 1개월 초과 이후 해지시 보통예금 이율적용(2020.7월27일 현재 보통예금 이율 0.5%)",없음,3,4,우대사항없음,,,,,,,,,,,,,,,,,,,,
186,삼호저축은행,정기적금(자유적립식-인터넷뱅킹),자유적립식,2.10%,1.78%,-,2.10%,1.4199949126812554,단리,6개월,2022-09-15,"경영관리부,063-900-2110",없음,없음,온라인,"만기후 1개월 이내 해지시 약정금리 적용, 만기후 1개월 초과 이후 해지시 보통예금 이율적용(2020.7월27일 현재 보통예금 이율 0.5%)",없음,3,2,우대사항없음,,,,,,,,,,,,,,,,,,,,
187,상상인저축은행,뱅뱅뱅 정기적금,정액적립식,2.10%,1.78%,"3,109",2.10%,1.4199949126812554,단리,6개월,2021-08-13,"예금/대출 문의 : 1577-1771, 공시부서 : 경영기획팀",없음,제한없음,온라인,연0.1%,없음,4,2,우대사항없음,,,,,,,,,,,,,,,,,,,,
188,상상인저축은행,뱅뱅뱅 정기적금,정액적립식,2.10%,1.78%,"3,117",2.10%,-0.7812580851161767,복리,6개월,2021-08-13,"예금/대출 문의 : 1577-1771, 공시부서 : 경영기획팀",없음,제한없음,온라인,연0.1%,없음,4,0,우대사항없음,,,,,,,,,,,,,,,,,,,,
189,상상인저축은행,비대면 정기적금,정액적립식,2.10%,1.78%,"3,109",2.10%,1.4199949126812554,단리,6개월,2021-08-13,"예금/대출 문의 : 1577-1771, 공시부서 : 경영기획팀",없음,제한없음,온라인,연0.1%,없음,4,2,우대사항없음,,,,,,,,,,,,,,,,,,,,
190,상상인저축은행,비대면 정기적금,정액적립식,2.10%,1.78%,"3,117",2.10%,-0.7812580851161767,복리,6개월,2021-08-13,"예금/대출 문의 : 1577-1771, 공시부서 : 경영기획팀",없음,제한없음,온라인,연0.1%,없음,4,0,우대사항없음,,,,,,,,,,,,,,,,,,,,
191,상상인저축은행,정기적금,정액적립식,2.10%,1.78%,"3,109",2.10%,1.4199949126812554,단리,6개월,2021-08-13,"예금/대출 문의 : 1577-1771, 공시부서 : 경영기획팀",없음,제한없음,모두가능,연0.1%,없음,4,5,우대사항없음,,,,,,,,,,,,,,,,,,,,
192,상상인저축은행,정기적금,정액적립식,2.10%,1.78%,"3,117",2.10%,-0.7812580851161767,복리,6개월,2021-08-13,"예금/대출 문의 : 1577-1771, 공시부서 : 경영기획팀",없음,제한없음,모두가능,연0.1%,없음,4,0,우대사항없음,,,,,,,,,,,,,,,,,,,,
193,상상인플러스저축은행,비대면 정기적금,정액적립식,2.10%,1.78%,"3,117",2.10%,-0.7812580851161767,복리,6개월,2023-08-30,예적금 문의 16002100,없음,제한없음,온라인,"만기후 1개월 이내 : 최초 약정이율과 해지 시점 이율 비교 후 낮은금리 적용
만기후 1개월 이후 : 보통예금 이율 적용(연 0.1%)","* 중도해지 이율
1개월 미만 : 연0.1%
1개월 이상 ~ 12개월 미만 : 약정이율의 50%
12개월 이상 ~ 24개월 미만 : 약정이율의 55%",4,0,우대사항없음,,,,,,,,,,,,,,,,,,,,
194,상상인플러스저축은행,비대면 정기적금,정액적립식,2.10%,1.78%,"3,109",2.10%,1.4199949126812554,단리,6개월,2023-08-30,예적금 문의 16002100,없음,제한없음,온라인,"만기후 1개월 이내 : 최초 약정이율과 해지 시점 이율 비교 후 낮은금리 적용
만기후 1개월 이후 : 보통예금 이율 적용(연 0.1%)","* 중도해지 이율
1개월 미만 : 연0.1%
1개월 이상 ~ 12개월 미만 : 약정이율의 50%
12개월 이상 ~ 24개월 미만 : 약정이율의 55%",4,2,우대사항없음,,,,,,,,,,,,,,,,,,,,
195,상상인플러스저축은행,정기적금,정액적립식,2.10%,1.78%,"3,109",2.10%,1.4199949126812554,단리,6개월,2021-08-13,예적금 문의 16002100,없음,제한 없음,영업점,"- 만기 후 1개월 이내 : 최초 약정이율과 해지 시점 이율 비교 후 낮은금리 적용
- 만기 후 1개월 이후 : 보통예금 이율 적용(연 0.1%)","- 중도해지 이율 1개월 미만 : 연0.1%
- 1개월 이상~ 12개월 미만 : 약정이율의 50%
- 12개월 이상 ~ 24개월 미만 : 약정이율의 55%",4,1,우대사항없음,,,,,,,,,,,,,,,,,,,,
196,상상인플러스저축은행,크크크 정기적금,정액적립식,2.10%,1.78%,"3,117",2.10%,-0.7812580851161767,복리,6개월,2023-08-30,예적금 문의 16002100,없음,제한없음,온라인,"만기후 1개월 이내 : 최초 약정이율과 해지 시점 이율 비교 후 낮은금리 적용
만기후 1개월 이후 : 보통예금 이율 적용(연 0.1%)","* 중도해지 이율
1개월 미만 : 연0.1%
1개월 이상 ~ 12개월 미만 : 약정이율의 50%
12개월 이상 ~ 24개월 미만 : 약정이율의 55%",4,0,우대사항없음,,,,,,,,,,,,,,,,,,,,
197,상상인플러스저축은행,크크크 정기적금,정액적립식,2.10%,1.78%,"3,109",2.10%,1.4199949126812554,단리,6개월,2023-08-30,예적금 문의 16002100,없음,제한없음,온라인,"만기후 1개월 이내 : 최초 약정이율과 해지 시점 이율 비교 후 낮은금리 적용
만기후 1개월 이후 : 보통예금 이율 적용(연 0.1%)","* 중도해지 이율
1개월 미만 : 연0.1%
1개월 이상 ~ 12개월 미만 : 약정이율의 50%
12개월 이상 ~ 24개월 미만 : 약정이율의 55%",4,2,우대사항없음,,,,,,,,,,,,,,,,,,,,
198,상상인플러스저축은행,e-정기적금,정액적립식,2.10%,1.78%,"3,117",2.10%,-0.7812580851161767,복리,6개월,2023-08-30,예적금 문의 16002100,없음,제한없음,온라인,"만기후 1개월 이내 : 최초 약정이율과 해지 시점 이율 비교 후 낮은금리 적용
만기후 1개월 이후 : 보통예금 이율 적용(연 0.1%)","* 중도해지 이율
1개월 미만 : 연0.1%
1개월 이상 ~ 12개월 미만 : 약정이율의 50%
12개월 이상 ~ 24개월 미만 : 약정이율의 55%",4,0,우대사항없음,,,,,,,,,,,,,,,,,,,,
199,상상인플러스저축은행,e-정기적금,정액적립식,2.10%,1.78%,"3,109",2.10%,1.4199949126812554,단리,6개월,2023-08-30,예적금 문의 16002100,없음,제한없음,온라인,"만기후 1개월 이내 : 최초 약정이율과 해지 시점 이율 비교 후 낮은금리 적용
만기후 1개월 이후 : 보통예금 이율 적용(연 0.1%)","* 중도해지 이율
1개월 미만 : 연0.1%
1개월 이상 ~ 12개월 미만 : 약정이율의 50%
12개월 이상 ~ 24개월 미만 : 약정이율의 55%",4,2,우대사항없음,,,,,,,,,,,,,,,,,,,,
200,청주저축은행,정기적금,정액적립식,2.10%,1.78%,"3,109",2.10%,1.4199949126812554,단리,6개월,2023-11-06,"(총무팀,043-256-9114)",없음,제한없음,모두가능,만기 후 : 1%,제한없음,4,5,우대사항없음,,,,,,,,,,,,,,,,,,,,
201,키움예스저축은행,키워드림 정기적금,정액적립식,2.10%,1.78%,"3,109",2.10%,1.4199949126812554,단리,6개월,2023-02-16,"회계팀, 0261811586","*인터넷뱅킹, 스마트뱅킹, 비대면 가입시 우대금리 적용",제한없음,영업점,"*만기후 1개월 이내 : 당초 약정금리 또는 만기시 동일상품 동일계약기간의 신규 약정금리 중 낮은 이율
*만기후 1개월 초과 : 만기시점 보통예금 이율",-,4,1,우대사항없음,,,,,,,,,,,,,,,,,,,,
202,흥국저축은행,비대면 정기적금,정액적립식,2.10%,1.78%,"3,109",2.10%,1.4199949126812554,단리,6개월,2022-09-30,"(경영지원팀, 051-925-2100)",없음,제한없음,온라인,"- 만기 후 1개월 이하: 약정금리와 만기일 현재 정기적금 금리중 낮은 금리 적용
- 만기 후 1개월 초과: 보통예금 이율",없음,2,2,우대사항없음,,,,,,,,,,,,,,,,,,,,
203,흥국저축은행,E-정기적금,정액적립식,2.10%,1.78%,"3,109",2.10%,1.4199949126812554,단리,6개월,2022-09-30,"(경영지원팀, 051-925-2100)",없음,제한없음,온라인,"- 만기 후 1개월 이하: 약정금리와 만기일 현재 정기적금 금리중 낮은 금리 적용
- 만기 후 1개월 초과: 보통예금 이율",없음,2,2,우대사항없음,,,,,,,,,,,,,,,,,,,,
204,흥국저축은행,S-정기적금,정액적립식,2.10%,1.78%,"3,109",2.10%,1.4199949126812554,단리,6개월,2022-09-30,"(경영지원팀, 051-925-2100)",없음,제한없음,온라인,"- 만기 후 1개월 이하: 약정금리와 만기일 현재 정기적금 금리중 낮은 금리 적용
- 만기 후 1개월 초과: 보통예금 이율",없음,2,2,우대사항없음,,,,,,,,,,,,,,,,,,,,
205,한화저축은행,e뱅킹정기적금,자유적립식,2.05%,1.73%,-,2.05%,1.3905962911931804,단리,6개월,2023-11-01,"재무관리팀, 0326575000",-,"인터넷뱅킹, 스마트폰뱅킹 전용",온라인,"- 만기 후 1개월 이하: 만기일 현재 금리 적용
- 만기 후 1개월 초과: 보통예금 이율",없음,3,2,우대사항없음,,,,,,,,,,,,,,,,,,,,
206,고려저축은행,정기적금(비대면),정액적립식,2.00%,1.69%,"2,961",2.00%,1.361201931213052,단리,6개월,2023-02-02,"영업추진팀,051-640-9023",-,제한없음,온라인,"*2019.06.30 가입분까지 만기시점 보통예금이자율(현재0.1%)
*2019.07.01 가입분부터 
1개월이내: 당초 약정금리와 만기시 동일상품 동일계약기간의 신규약정금리 중 낮은이율
1개월초과: 보통예금이자율(현재0.1%)",-,4,2,우대사항없음,,,,,,,,,,,,,,,,,,,,
207,국민은행,KB 특★한 적금,자유적립식,2.00%,1.69%,-,6.00%,1.361201931213052,단리,6개월,2023-10-20,"(예금)수신상품부(P), 02-1588-9999 (대출)개인여신부(P), 02-1588-9999","항목별 적용 조건 충족시, 최고 연 4.0%p ① 목표달성 축하 우대이율: 최고 연 1.0%p 50만원 이하: 연 0.5%p, 50만원 초과: 연 1.0%p ② 별 모으기 우대이율 : 최고 연 1.0%p 10개: 연 0.5%p, 20개: 연 1.0%p ③ 함께해요 우대이율: 최고 연 2.0%p",실명의 개인,온라인,"- 1개월 이내 : 기본이율 X 50%
- 1개월 초과  ~ 3개월 이내 : 기본이율 X 30%
- 3개월 초과 : 0.1%","개인사업자, 임의단체 및
공동명의 불가
(1인 최대 3계좌)",1,3,"* 만기 : 0.5% [ 50만원 이상시 0.5% 가산 가능] 
* 이벤트 : 0.5% [ 별모으기 10개시 이율, 별모으기 20개시 0.5% 가산 가능, 함께해요 이벤트 시 2.0% 가산가능 ]",,,,,,,,,,,0.5%,,0.5%,,,,,,,
208,국제저축은행,꿈 찾아 정기적금,정액적립식,2.00%,1.69%,"2,961",2.00%,1.361201931213052,단리,6개월,2023-09-08,"수신여신팀, 051-640-2159",없음,제한없음,영업점,"만기후 1개월까지는 계약당시 금리와 만기시점 해당금리를 비교하여 낮은 금리 적용
만기후 1개월 초과 이후로는 보통예금 금리 적용","만기후 1개월까지는 계약당시 금리와 만기시점 해당금리를 비교하여 낮은 금리 적용
만기후 1개월 초과 이후로는 보통예금 금리 적용",2,1,우대사항없음,,,,,,,,,,,,,,,,,,,,
209,국제저축은행,꿈 찾아 정기적금(비대면),정액적립식,2.00%,1.69%,"2,961",2.00%,1.361201931213052,단리,6개월,2023-09-08,"수신여신팀, 051-640-2159",없음,만 19세 이상의 개인,온라인,"만기후 1개월까지는 계약당시 금리와 만기시점 해당금리를 비교하여 낮은 금리 적용
만기후 1개월 초과 이후로는 보통예금 금리 적용","만기후 1개월까지는 계약당시 금리와 만기시점 해당금리를 비교하여 낮은 금리 적용
만기후 1개월 초과 이후로는 보통예금 금리 적용",2,2,우대사항없음,,,,,,,,,,,,,,,,,,,,
210,바로저축은행,정기적금(월수),정액적립식,2.00%,1.69%,"2,961",2.00%,1.361201931213052,단리,6개월,2022-09-13,(예/적금) 자금효율부 02-3467-0157 (공시) 영업기획부 02-3467-0107,없음,제한 없음,영업점,"* 만기후 1개월 이내 : 약정금리와 현행금리 중 낮은 금리 
* 만기후 1개월 초과 : 보통예금 금리","1. 최소납입금액 10,000원 이상",3,1,우대사항없음,,,,,,,,,,,,,,,,,,,,
211,센트럴저축은행,정기적금,정액적립식,2.00%,1.69%,"2,961",2.00%,1.361201931213052,단리,6개월,2022-10-14,"영업부, 0622244010",없음.,제한없음.,영업점,(만기 후 예치 기간 기준) * 1개월까지: 당초 약정이율 * 1개월 초과: 0.5%,중도해지 이율 (실 예치 기간 기준) *1개월 미만: 0.5% *1개월~3개월 미만: 1.0% *3개월~6개월 미만: 1.3% *6개월~10개월 미만: 1.6% *10개월 이상: 1.8%,3,1,우대사항없음,,,,,,,,,,,,,,,,,,,,
212,센트럴저축은행,"정기적금 (인터넷뱅킹,스마트뱅킹,비대면)",정액적립식,2.00%,1.69%,"2,961",2.00%,1.361201931213052,단리,6개월,2022-10-14,"영업부, 0622244010",없음.,제한없음.,온라인,(만기 후 예치 기간 기준) * 1개월까지: 당초 약정이율 * 1개월 초과: 0.5%,중도해지 이율 (실 예치 기간 기준) *1개월 미만: 0.5% *1개월~3개월 미만: 1.0% *3개월~6개월 미만: 1.3% *6개월~10개월 미만: 1.6% *10개월 이상: 1.8%,3,2,우대사항없음,,,,,,,,,,,,,,,,,,,,
213,스타저축은행,스타e_정기적금,정액적립식,2.00%,1.69%,"2,961",2.00%,1.361201931213052,단리,6개월,2023-11-06,융자부 0632776611,없음,제한없음,온라인,"*만기후 1개월이하: 최초 약정이율과 만기시점 이율 중 낮은 금리 적용,
만기후 1개월 초과: 보통예금 금리 적용",없음,3,2,우대사항없음,,,,,,,,,,,,,,,,,,,,
214,스타저축은행,정기적금,정액적립식,2.00%,1.69%,"2,961",2.00%,1.361201931213052,단리,6개월,2023-11-06,융자부 0632776611,없음,제한없음,영업점,"*만기후 1개월이하: 최초 약정이율과 만기시점 이율 중 낮은 금리 적용,
만기후 1개월 초과: 보통예금 금리 적용",없음,3,1,우대사항없음,,,,,,,,,,,,,,,,,,,,
215,유니온상호저축은행,정기적금,정액적립식,2.00%,1.69%,"2,961",2.00%,1.361201931213052,단리,6개월,2022-10-14,"경영지원팀, 0532564000 (내선233)","전자금융(인터넷,스마트폰 뱅킹), 비대면 SB톡톡으로 가입시에도 동일한 금리 적용",제한없음,모두가능,*1개월이내 : 약정이율과 현행이율 중 낮은 이율 *1개월초과: 보통예금이율,중도해지이율 - 2019년7월1일 이전 신규분 *3개월이하 : 0.2% *3~6개월이내 : 0.5% *6개월초과 : 1.0% - 2019년7월1일 이후 신규분 *1개월미만 : 계약일의 보통예금 이율 *1개월~3개월미만 : 약정이율의 50% *3개월~6개월미만 : 약정이율의 55% *6개월~24개월미만 : 약정이율의 60% *24개월이상 : 약정이율의70%,3,5,우대사항없음,,,,,,,,,,,,,,,,,,,,
216,조흥저축은행,정기적금,정액적립식,2.00%,1.69%,"2,961",2.00%,1.361201931213052,단리,6개월,2022-01-17,수신팀 0556454411,-,제한없음,온라인,"- 만기후 1개월이내 약정금리와 현행고시금리중 낮은 이율
- 1개월초과시 보통예금 이자율 적용",제한없음,5,2,우대사항없음,,,,,,,,,,,,,,,,,,,,
217,조흥저축은행,정기적금,정액적립식,2.00%,1.69%,"2,968",2.00%,-0.8391022952447424,복리,6개월,2022-01-17,수신팀 0556454411,-,제한없음,온라인,"- 만기후 1개월이내 약정금리와 현행고시금리중 낮은 이율
- 1개월초과시 보통예금 이자율 적용",제한없음,5,0,우대사항없음,,,,,,,,,,,,,,,,,,,,
218,조흥저축은행,정기적금,정액적립식,2.00%,1.69%,"2,961",2.00%,1.361201931213052,단리,6개월,2023-05-19,수신팀 0556454411,-,제한없음,온라인,"만기후1개월이내 약정금리와 현행고시금리중 낮은 이율
1개월초과시 보통예금 이자율 적용",제한없음,5,2,우대사항없음,,,,,,,,,,,,,,,,,,,,
219,토스뱅크 주식회사,토스뱅크 굴비 적금,자유적립식,2.00%,1.69%,-,5.00%,1.361201931213052,단리,6개월,2023-10-20,수신스쿼드 02-6713-1951 여신스쿼드 02-6713-1970,· 만기 해지 시 : 연3.00% 제공,· 토스뱅크 통장 또는 토스뱅크 서브 통장을 보유한 실명의 개인,온라인,"· 만기 후 1개월 이내 : 만기시점 기본금리 X 50% 
· 만기 후 1개월 초과 3개월 이내 : 만기시점 기본금리 X 20% 
· 만기 후 3개월 초과 : 연 0.10%","· 1인 1계좌 (단, 이벤트 등으로 토스뱅크가 복수의 계좌개설을 허용하는 경우 추가 개설 가능)
· 가입금액 : 0원
· 우대금리는 만기 해지하는 경우에만 제공됨",4,3,* 만기 : 3.0%,,,,,,,,,,,3.0%,,,,,,,,,
220,토스뱅크 주식회사,토스뱅크 자유 적금,자유적립식,2.00%,1.69%,-,4.00%,1.361201931213052,단리,6개월,2023-10-20,수신스쿼드 02-6713-1951 여신스쿼드 02-6713-1970,· 적금 가입 시 설정되는 월 단위 자동이체를 모두 성공하는 경우 : 연 2.00% 제공,· 토스뱅크 통장 또는 토스뱅크 서브 통장을 보유한 실명의 개인,온라인,"· 만기 후 1개월 이내 : 만기시점 기본금리 X 50% 
· 만기 후 1개월 초과 3개월 이내 : 만기시점 기본금리 X 20% 
· 만기 후 3개월 초과 : 연 0.10%","· 1인 1계좌 (단, 이벤트 등으로 토스뱅크가 복수의 계좌개설을 허용하는 경우 추가 개설 가능)
· 가입금액 : 0원 이상 300만원 이하
· 우대금리는 만기 해지하는 경우에만 제공됨",4,3,* 자동이체 : 2.0% [ 6개월동안 유지 ],,,2.0%,,,,,,,,,,,,,,,,,
221,토스뱅크 주식회사,토스뱅크 키워봐요 적금,자유적립식,2.00%,1.69%,-,4.50%,1.361201931213052,단리,6개월,2023-10-20,수신스쿼드 02-6713-1951 여신스쿼드 02-6713-1970,· 적금 가입 시 설정되는 주 단위 자동이체를 통하여 25회 이상 적립한 경우 : 연2.50% 제공,· 토스뱅크 통장 또는 토스뱅크 서브 통장을 보유한 실명의 개인,온라인,"· 만기 후 1개월 이내 : 만기시점 기본금리 X 50% 
· 만기 후 1개월 초과 3개월 이내 : 만기시점 기본금리 X 20% 
· 만기 후 3개월 초과 : 연 0.10%","· 1인 1계좌 (단, 이벤트 등으로 토스뱅크가 복수의 계좌개설을 허용하는 경우 추가 개설 가능)
· 가입금액 : 0원
· 우대금리는 우대조건을 달성하고 만기 해지하는 경우에만 제공됨",4,3,* 자동이체 : 2.5% [ 25회 이상 성공 ],,,2.5%,,,,,,,,,,,,,,,,,
222,한화저축은행,한화가족사랑정기적금,자유적립식,2.00%,1.69%,-,2.00%,1.361201931213052,단리,6개월,2023-11-01,"재무관리팀, 0326575000",-,없음,영업점,"- 만기 후 1개월 이하: 만기일 현재 금리 적용
- 만기 후 1개월 초과: 보통예금 이율",없음,3,4,우대사항없음,,,,,,,,,,,,,,,,,,,,
223,흥국저축은행,정기적금,자유적립식,2.00%,1.69%,-,2.00%,1.361201931213052,단리,6개월,2022-09-30,"(경영지원팀, 051-925-2100)",없음,제한없음,영업점,- 만기 후 1개월 이하: 약정금리와 만기일 현재 정기적금 금리중 낮은 금리 적용 - 만기 후 1개월 초과: 보통예금 이율,없음,2,4,우대사항없음,,,,,,,,,,,,,,,,,,,,
224,흥국저축은행,정기적금,정액적립식,2.00%,1.69%,"2,961",2.00%,1.361201931213052,단리,6개월,2022-09-30,"(경영지원팀, 051-925-2100)",없음,제한없음,영업점,- 만기 후 1개월 이하: 약정금리와 만기일 현재 정기적금 금리중 낮은 금리 적용 - 만기 후 1개월 초과: 보통예금 이율,없음,2,1,우대사항없음,,,,,,,,,,,,,,,,,,,,
225,제이티저축은행,정기적금,정액적립식,2.00%,1.69%,"2,961",2.00%,1.361201931213052,단리,6개월,2021-08-13,경영관리팀 0317880534,없음,제한없음,모두가능,"- 1개월 이내 : 예치시점 약정금리
- 1개월 초과 : 0.1%",현금IC카드 발급 불가 상품,5,5,우대사항없음,,,,,,,,,,,,,,,,,,,,
226,제이티친애저축은행,비대면 정기적금,정액적립식,2.00%,1.69%,"2,961",2.00%,1.361201931213052,단리,6개월,2022-09-20,"경영기획부, 15990060",-,제한없음,온라인,"-1개월 이내 해지시 : 약정이율 적용 
-1개월 초과 이후 해지시 : 보통예금 금리 적용",없음,5,2,우대사항없음,,,,,,,,,,,,,,,,,,,,
227,제이티친애저축은행,정기적금,정액적립식,2.00%,1.69%,"2,961",2.00%,1.361201931213052,단리,6개월,2022-09-20,"경영기획부, 15990060",-,제한없음,모두가능,"-1개월 이내 해지시 : 약정이율 적용 
-1개월 초과 이후 해지시 : 보통예금 금리 적용",없음,5,5,우대사항없음,,,,,,,,,,,,,,,,,,,,
228,고려저축은행,정기적금,정액적립식,1.90%,1.61%,"2,813",1.90%,1.3024259957767683,단리,6개월,2023-02-02,"영업추진팀,051-640-9023",-,제한없음,영업점,"*2019.06.30 가입분까지 만기시점 보통예금이자율(현재0.1%)
*2019.07.01 가입분부터 
1개월이내: 당초 약정금리와 만기시 동일상품 동일계약기간의 신규약정금리 중 낮은이율
1개월초과: 보통예금이자율(현재0.1%)",-,4,1,우대사항없음,,,,,,,,,,,,,,,,,,,,
229,진주저축은행,정기예금(진주),정액적립식,1.80%,1.52%,"2,671",1.80%,-0.9546919853779422,복리,6개월,2022-02-28,"영업지원부, 0518051450",없음,제한없음,모두가능,"- 만기일~1개월 까지 : 최초 약정이율과 만기 후 동일상품 신규가입이율 중 낮은 이율
- 1개월 초과 : 연 0.1%","-만65세 이상 비과세 종합저축 5,000만원 가능",5,0,우대사항없음,,,,,,,,,,,,,,,,,,,,
230,진주저축은행,정기예금(진주),정액적립식,1.79%,1.51%,"2,650",1.79%,1.2377921549636688,단리,6개월,2022-02-28,"영업지원부, 0518051450",없음,제한없음,모두가능,"- 만기일~1개월 까지 : 최초 약정이율과 만기 후 동일상품 신규가입이율 중 낮은 이율
- 1개월 초과 : 연 0.1%","-만65세 이상 비과세 종합저축 5,000만원 가능",5,5,우대사항없음,,,,,,,,,,,,,,,,,,,,
231,대백저축은행,한마음정기적금,정액적립식,1.70%,1.44%,"2,517",1.70%,1.1849252629997808,단리,6개월,2021-08-13,"총무부,053-742-3301",해당없음,제한없음,영업점,보통예금이율(0.2%),해당없음,5,1,우대사항없음,,,,,,,,,,,,,,,,,,,,
232,대한저축은행,정기적금,자유적립식,1.70%,1.44%,-,1.70%,1.1849252629997808,단리,6개월,2023-09-21,"영업1본부, 062-520-5935",없음,제한없음,모두가능,"- 만기후 1개월이내 : 가입당시 약정금리와 현재금리 비교 후 낮은 금리

- 만기후 1개월초과 : 보통예금 금리",해당없음,3,4,우대사항없음,,,,,,,,,,,,,,,,,,,,
233,대한저축은행,정기적금-인터넷,자유적립식,1.70%,1.44%,-,1.70%,1.1849252629997808,단리,6개월,2023-09-21,"영업1본부, 062-520-5935",없음,제한없음,온라인,"- 만기후 1개월이내 : 가입당시 약정금리와 현재금리 비교 후 낮은 금리

- 만기후 1개월초과 : 보통예금 금리",해당없음,3,2,우대사항없음,,,,,,,,,,,,,,,,,,,,
234,라온저축은행,정기적금,정액적립식,1.70%,1.44%,"2,517",1.70%,1.1849252629997808,단리,6개월,2023-04-03,기획총무팀 070-5020-2906,-,제한없음,모두가능,"1개월이하:당초 약정금리 또는 만기시 동일상품 동일계약기간의 신규 약정금리 중 낮은이율
1개월초과:보통예금이율",최소금액 1만원이상,5,5,우대사항없음,,,,,,,,,,,,,,,,,,,,
235,센트럴저축은행,자유 적립예금,자유적립식,1.70%,1.44%,-,1.70%,-1.0124375014702314,복리,6개월,2021-08-13,"영업부, 0622244010",없음,제한없음,영업점,- 보통예금 기본이율,없음,3,4,우대사항없음,,,,,,,,,,,,,,,,,,,,
236,머스트삼일저축은행,비대면정기적금,정액적립식,1.60%,1.35%,"2,369",1.60%,1.1262004656590328,단리,6개월,2021-09-08,경영관리팀 0542754060,없음,제한없음,온라인,"- 만기후 1개월 이내 : 약정이율 Ⅹ 100%
- 만기후 1개월 초과 : 연0.2%",없음,5,2,우대사항없음,,,,,,,,,,,,,,,,,,,,
237,머스트삼일저축은행,정기적금,정액적립식,1.60%,1.35%,"2,369",1.60%,1.1262004656590328,단리,6개월,2021-09-08,경영관리팀 0542754060,없음,제한없음,영업점,"- 만기후 1개월 이내 : 약정이율 Ⅹ 100%
- 만기후 1개월 초과 : 연0.2%",없음,5,1,우대사항없음,,,,,,,,,,,,,,,,,,,,
238,애큐온저축은행,정기적금,정액적립식,1.60%,1.35%,"2,369",1.70%,1.1262004656590328,단리,6개월,2023-05-23,ESG경영팀 0234852434,인터넷뱅킹 가입: 연 0.05% 폰뱅킹 가입: 연 0.05% 모바일뱅킹 가입: 연0.10%,제한없음,모두가능,"만기후 1개월 이내 해지 시 : 약정금리(2019.07.01 신규부터 적용)
만기후 1개월 초과 이후 해지 시 : 보통예금이율(2019.07.01 신규부터 적용)",불입금액 : 1만원 이상,4,5,* 비대면 : 0.05% [ 모바일 뱅킹 가입 시 0.05% 가산 가능],,,,,,,0.05%,,,,,,,,,,,,,
239,애큐온저축은행,정기적금,정액적립식,1.60%,1.35%,"2,373",1.70%,-1.070150155622207,복리,6개월,2023-05-23,ESG경영팀 0234852434,인터넷뱅킹 가입: 연 0.05% 폰뱅킹 가입: 연 0.05% 모바일뱅킹 가입: 연0.10%,제한없음,모두가능,"만기후 1개월 이내 해지 시 : 약정금리(2019.07.01 신규부터 적용)
만기후 1개월 초과 이후 해지 시 : 보통예금이율(2019.07.01 신규부터 적용)",불입금액 : 1만원 이상,4,0,* 비대면 : 0.05% [ 모바일 뱅킹 가입 시 0.05% 가산 가능],,,,,,,0.05%,,,,,,,,,,,,,
240,오성저축은행,플러스정기적금,정액적립식,1.60%,1.35%,"2,369",1.60%,1.1262004656590328,단리,6개월,2023-04-03,"여신팀,054-452-7861",없음,제한없음,모두가능,"1개월이하-약정금리와 만기일 기준금리 중 낮은금리 
1개월 초과 -보통예금 금리",없음,3,5,우대사항없음,,,,,,,,,,,,,,,,,,,,
241,우리금융저축은행,e-정기적금,정액적립식,1.60%,1.35%,"2,369",1.60%,1.1262004656590328,단리,6개월,2022-06-17,"고객문의: 1599-0776, (공시) 영업기획부",인터넷/스마트폰뱅킹 가입 시 0.1% 우대,제한없음,온라인,"*만기 후 1개월 이내: 가입 시 약정이율과 만기 시 판매이율 중 낮은금리 적용 
*1개월 초과 시 : 연0.3% 
*2019.07.01. 이후 가입분 부터적용.이전가입분은 연0.3%","*중도해지 시 예치기간에 따라 차등 적용 
■1개월미만: 연0.3% (보통예금이율) 
■1개월이상 3개월미만: 약정이율 x 50% 
■3개월이상 6개월미만: 55% 
■6개월이상 12개월미만: 60% 
■12개월이상: 70% 
단, 2019.07.01. 이후 가입분 부터적용. 이전가입분은 3개월미만 연0.5%,6개월미만 연1.0%, 6개월이상 연1.5%",3,2,우대사항없음,,,,,,,,,,,,,,,,,,,,
242,우리금융저축은행,e-정기적금,자유적립식,1.60%,1.35%,-,1.60%,1.1262004656590328,단리,6개월,2022-06-17,"고객문의: 1599-0776, (공시) 영업기획부",인터넷/스마트폰뱅킹 가입 시 0.1% 우대,제한없음,온라인,"*만기 후 1개월 이내: 가입 시 약정이율과 만기 시 판매이율 중 낮은금리 적용 
*1개월 초과 시 : 연0.3% 
*2019.07.01. 이후 가입분 부터적용.이전가입분은 연0.3%","*중도해지 시 예치기간에 따라 차등 적용 
■1개월미만: 연0.3% (보통예금이율) 
■1개월이상 3개월미만: 약정이율 x 50% 
■3개월이상 6개월미만: 55% 
■6개월이상 12개월미만: 60% 
■12개월이상: 70% 
단, 2019.07.01. 이후 가입분 부터적용. 이전가입분은 3개월미만 연0.5%,6개월미만 연1.0%, 6개월이상 연1.5%",3,2,우대사항없음,,,,,,,,,,,,,,,,,,,,
243,우리금융저축은행,정기적금,정액적립식,1.50%,1.27%,"2,221",1.60%,1.067492714350182,단리,6개월,2022-06-17,"고객문의: 1599-0776, (공시) 영업기획부",인터넷/스마트폰뱅킹 가입 시 0.1% 우대,제한없음,영업점,"*만기 후 1개월 이내: 가입 시 약정이율과 만기 시 판매이율 중 낮은금리 적용 
*1개월 초과 시 : 연0.3% 
*2019.07.01. 이후 가입분 부터적용.이전가입분은 연0.3%","*중도해지 시 예치기간에 따라 차등 적용 
■1개월미만: 연0.3% (보통예금이율) 
■1개월이상 3개월미만: 약정이율 x 50% 
■3개월이상 6개월미만: 55% 
■6개월이상 12개월미만: 60% 
■12개월이상: 70% 
단, 2019.07.01. 이후 가입분 부터적용. 이전가입분은 3개월미만 연0.5%,6개월미만 연1.0%, 6개월이상 연1.5%",3,1,* 비대면 : 0.1%,,,,,,,0.1%,,,,,,,,,,,,,
244,우리금융저축은행,정기적금,자유적립식,1.50%,1.27%,-,1.60%,1.067492714350182,단리,6개월,2022-06-17,"고객문의: 1599-0776, (공시) 영업기획부",인터넷/스마트폰뱅킹 가입 시 0.1% 우대,제한없음,영업점,"*만기 후 1개월 이내: 가입 시 약정이율과 만기 시 판매이율 중 낮은금리 적용 
*1개월 초과 시 : 연0.3% 
*2019.07.01. 이후 가입분 부터적용.이전가입분은 연0.3%","*중도해지 시 예치기간에 따라 차등 적용 
■1개월미만: 연0.3% (보통예금이율) 
■1개월이상 3개월미만: 약정이율 x 50% 
■3개월이상 6개월미만: 55% 
■6개월이상 12개월미만: 60% 
■12개월이상: 70% 
단, 2019.07.01. 이후 가입분 부터적용. 이전가입분은 3개월미만 연0.5%,6개월미만 연1.0%, 6개월이상 연1.5%",3,4,* 비대면 : 0.1%,,,,,,,0.1%,,,,,,,,,,,,,
245,키움저축은행,기업 정기적금,정액적립식,1.40%,1.18%,"2,073",1.40%,1.0088020090732064,단리,6개월,2023-08-30,경영지원팀 1670-0077 예적금문의 1670-0077,없음,"법인 (영리법인,비영리법인)",영업점,"-만기후 1개월 이내
당초 약정금리 또는 만기시 동일상품 동일계약기간의 신규 약정금리 중 낮은 이율
-만기후 1개월 초과
연 0.2% (신규시점의 보통예금 금리)
※2019년 7월 1일 이후 신규 가입 계좌에 한함.",없음,3,1,우대사항없음,,,,,,,,,,,,,,,,,,,,
246,키움저축은행,"e-plus 기업정기적금 (인터넷뱅킹,스마트뱅킹)",정액적립식,1.40%,1.18%,"2,073",1.40%,1.0088020090732064,단리,6개월,2023-08-30,경영지원팀 1670-0077 예적금문의 1670-0077,없음,"법인 (영리법인,비영리법인)",온라인,"-만기후 1개월 이내
당초 약정금리 또는 만기시 동일상품 동일계약기간의 신규 약정금리 중 낮은 이율
-만기후 1개월 초과
연 0.2% (신규시점의 보통예금 금리)
※2019년 7월 1일 이후 신규 가입 계좌에 한함.",인터넷 가입,3,2,우대사항없음,,,,,,,,,,,,,,,,,,,,
247,진주저축은행,정기예금(진주),자유적립식,0.80%,0.68%,-,0.80%,-1.53067051947946,복리,6개월,2022-02-28,"영업지원부, 0518051450",없음,제한없음,모두가능,"- 만기일~1개월 까지 : 최초 약정이율과 만기 후 동일상품 신규가입이율 중 낮은 이율
- 1개월 초과 : 연 0.1%","-만65세 이상 비과세 종합저축 5,000만원 가능",5,0,우대사항없음,,,,,,,,,,,,,,,,,,,,
248,진주저축은행,정기예금(진주),자유적립식,0.80%,0.68%,-,0.80%,0.6570157440803691,단리,6개월,2022-02-28,"영업지원부, 0518051450",없음,제한없음,모두가능,"- 만기일~1개월 까지 : 최초 약정이율과 만기 후 동일상품 신규가입이율 중 낮은 이율
- 1개월 초과 : 연 0.1%","-만65세 이상 비과세 종합저축 5,000만원 가능",5,4,우대사항없음,,,,,,,,,,,,,,,,,,,,
249,대아상호저축은행,정기적금,자유적립식,0.70%,0.59%,-,0.70%,0.598444361026429,단리,6개월,2021-08-13,"김지수(수신, 0542809217)",없음,제한없음,영업점,- 연 0.1%,"예금자보호법에 따라 예금보험공사가 보호하되, 보호한도는 원금과 소정의 이자를 합하여 1인당 최고 5천만원까지 보호됩니다.",5,4,우대사항없음,,,,,,,,,,,,,,,,,,,,
250,대원상호저축은행,정기적금,자유적립식,0.70%,0.59%,-,0.70%,0.598444361026429,단리,6개월,2021-08-13,영업부 0547732222,없음,제한없음,영업점,연 0.1%,"예금자보호법에 따라 예금보험공사가 보호하되, 원금과 소정의 이자를 합하여 1인당 ""최고 5천만원""이며 , 5천만원을 초과하는 나머지 금액은 보호하지 않습니다.",5,4,우대사항없음,,,,,,,,,,,,,,,,,,,,
