,금융회사,상품명,적립방식,세전이자율,세후이자율,세후이자(예시),최고우대금리,실질이자율,이자계산방식,기간,비교공시일,담당부서 및 연락처,우대조건,가입방법,만기후 이자율,기타유의사항,등급,cluster_num,우대사항정리,급여이체,마케팅동의,자동이체,카드실적,최초거래,주택청약,비대면,영업점,해당은행,이체횟수,만기,변동금리,이벤트,기타,나이,환경,신혼,반려인,직장인,여행
0,주식회사 카카오뱅크,카카오뱅크 한달적금,자유적립식,2.50%,,,8.00%,,복리,31일,,,"이적금에 납입하고 만기 해지한 경우 매일 우대금리와 보너스 우대금리를 합하여 최대 연 5.50%p

1
매일 우대금리 최대 연 3.10%p 제공
- 매 입금 시마다 + 연 0.10%p

2
보너스 우대금리 누적하여 최대 연 2.40%p 제공
- 5 회 입금시+연 0.20%p
- 10 회 입금시+연 0.20%p (누적 연 0.40%p)
- 15 회 입금시+연 0.30%p (누적 연 0.70%p)
- 20 회 입금시+연 0.30%p (누적 연 1.00%p)
- 25 회 입금시+연 0.50%p (누적 연 1.50%p)
- 31 회 입금시+연 0.90%p (누적 연 2.40%p)",인터넷스마트폰전용,,,1,,"* 만기 : 0.1% [매 입금시마다 연 0.1% 연 최대 3.1% 가능]
* 이체횟수 : 0.2% [누적하여 금리 제공 5회 0.2%, 10회 0.2% 15회 0.3.0%20회 0.3.0%25회 0.5% 31회 0.9%]",,,,,,,,,,0.2%,0.1%,,,,,,,,,
1,경남은행,"오늘도 세이브 적금
 네이버 페이",자유적립식,3.45%,,,6.50%,,복리,1개월이상 ~ 6개월이내,,,"조건별        
아래의 우대조건 충족 시, 최고 연 3.05% 우대이율을 적용하며 중도해지시에는 우대이율을 제공하지 않습니다.

1
마케팅동의 및 모바일메세지 수신동의(신규시 제공) : 0.15%

2
목돈마련 축하이율(만기시 제공)
▪ 만기시 납입원금잔액 100만원이상~200만원미만 0.30%
▪ 만기시 납입원금잔액 200만원이상 1.00%

3
친구 추천번호 우대이율(만기시 제공)
▪ 1회당 0.30%(2회까지 적용가능), 최대0.60%
▪ 나의 추천번호를 친구에게 공유하고 친구가 동 적금가입시 추천번호를 입력하면 나와 친구에게 각0.30% 우대이율 제공
▪ 추천번호는 동 적금가입시 자동생성되며 상품가입 후 계좌조회 및 계좌관리화면에서 추천번호 클릭시 확인가능
▪ 나의 추천번호는 내 계좌에 적용할 수 없으며 추천번호 최대 우대이율 0.60% 달성시 해당 추천번호는 사용 불가

이벤트 이율(Happy Holiday 산타금리이벤트)

4
▪ 대상: 기간 내 이 상품 가입고객 누구나
▪ 기간: 2023.12.01 ~ 2023.12.31
▪ 이벤트기간에 동 적금가입시 1.30%

5
이 예금의 가입 시 당행 또는 제휴사 이벤트를 진행하는 경우 우대이율에 이벤트이율을 더하여 적용할 수 있으며, 
이벤트 진행 시에는 인터넷홈페이지 또는 영업점에 이벤트 주요내용(이벤트 대상, 이벤트 기간, 이벤트이율 등)을 고시하고 해당 이율을 더하여 만기해지 시 지급합니다.",인터넷스마트폰전용,,,2,,"* 마케팅동의 : 0.15% [마케팅동의 및 모바일메세지수신 동의(신규시 제공)]
* 만기 : 0.3.0%[100~ 200 만원시, 200만원 이상시 0.7% 가산]
* 기타 : 0.3.0%[친구 추천번호 우대이율 1회당 0.3%, 2회까지 가능]",,0.15%,,,,,,,,,3.0%,,,3.0%,,,,,,
2,우리은행,N일 적금,자유적립식,2.00%,,,6.00%,,복리,31일,,,"아래의 우대조건을 충족하고 만기해지 시 최대 연 4.0%p 적용
단, 우대이율은 만기해지 시점까지 우리은행 상품·서비스 마케팅 동의 항목 중 ‘전화(휴대폰)’ 및 ‘SMS’ 항목을 모두 동의한 경우 제공

1
가입시점에 우리은행 정기예금 및 적금 상품을 보유하지 않은 경우 : 1%

2
가입기간의 1/2 이상 납입하고, 상품 전용 관리페이지에서 감정스탬프를 가입기간의 3/4 이상 선택한 경우 : 3%",인터넷스마트폰전용,,,1,,"* 최초거래 : 0.1% [가입시점에 우리은행 정기예금 및 적금 상품을 보유하지 않은 경우]
* 이체횟수 : 3.0%[가입기간의 1/2 이상 납입하고, 상품 전용 관리페이지에서 감정스탬프를 가입기간의 3/4 이상 선택한 경우]",,,,,0.1%,,,,,3.0%,,,,,,,,,,
3,우리은행,N일 적금,자유적립식,2.00%,,,6.00%,,복리,100일,,,"아래의 우대조건을 충족하고 만기해지 시 최대 연 4.0%p 적용
단, 우대이율은 만기해지 시점까지 우리은행 상품·서비스 마케팅 동의 항목 중 ‘전화(휴대폰)’ 및 ‘SMS’ 항목을 모두 동의한 경우 제공

1
가입시점에 우리은행 정기예금 및 적금 상품을 보유하지 않은 경우 : 1%

2
가입기간의 1/2 이상 납입하고, 상품 전용 관리페이지에서 감정스탬프를 가입기간의 3/4 이상 선택한 경우 : 3%",인터넷스마트폰전용,,,1,,"* 최초거래 : 0.1% [가입시점에 우리은행 정기예금 및 적금 상품을 보유하지 않은 경우]
* 이체횟수 : 3.0%[가입기간의 1/2 이상 납입하고, 상품 전용 관리페이지에서 감정스탬프를 가입기간의 3/4 이상 선택한 경우]",,,,,0.1%,,,,,3.0%,,,,,,,,,,
4,우리은행,N일 적금,자유적립식,2.00%,,,6.00%,,복리,200일,,,"아래의 우대조건을 충족하고 만기해지 시 최대 연 4.0%p 적용
단, 우대이율은 만기해지 시점까지 우리은행 상품·서비스 마케팅 동의 항목 중 ‘전화(휴대폰)’ 및 ‘SMS’ 항목을 모두 동의한 경우 제공

1
가입시점에 우리은행 정기예금 및 적금 상품을 보유하지 않은 경우 : 1%

2
가입기간의 1/2 이상 납입하고, 상품 전용 관리페이지에서 감정스탬프를 가입기간의 3/4 이상 선택한 경우 : 3%",인터넷스마트폰전용,,,1,,"* 최초거래 : 0.1% [가입시점에 우리은행 정기예금 및 적금 상품을 보유하지 않은 경우]
* 이체횟수 : 3.0%[가입기간의 1/2 이상 납입하고, 상품 전용 관리페이지에서 감정스탬프를 가입기간의 3/4 이상 선택한 경우]",,,,,0.1%,,,,,3.0%,,,,,,,,,,
5,국민은행,KB 특★한 적금,자유적립식,2.00%,,,6.00%,,복리,1개월이상 ~ 6개월이내,,,"최고 연 4.0%p (적용조건을 충족하는 경우 만기해지 시 계약기간 동안 적용)

1
만기 전일까지 신규시 설정(또는 신규가입 후 1개월 이전까지 변경)한 목표금액을 달성한 경우
ㅇ 목표금액 50만원 이하 : 연0.5%p
ㅇ 목표금액 50만원 초과 : 연1.0%p
※ 목표금액 : 최소1천원 이상 최대210만원 이내 설정 가능
※ 목표금액 변경 관련 유의사항
ㅇ 목표금액은 만기일 변경시에만 동시 변경 가능
ㅇ 목표금액 변경은 KB스타뱅킹 내 적금 [전용화면]에서 가능

2
만기일까지 적금의 [전용화면]에서 정해진 개수만큼 별 모으기를 달성한 경우
ㅇ 별 모으기 달성 개수 10개 : 연 0.5%p
ㅇ 별 모으기 달성 개수 20개 : 연 1.0%p
※ 별 모으기 관련 유의사항
ㅇ 별 모으기는 1일1회만 가능
(주말 및 휴일에도 가능)
ㅇ 만기일 변경시에도 이미 모은 별은 그대로 유지

3
만기일까지 신규 시 생성된 추천번호를 다른사람이 신규시 입력하는 경우 추천번호를 제공한 계좌 및 입력한 계좌 모두에게 연0.5%p씩 제공
ㅇ 예금주 본인의 추천번호 입력 불가
ㅇ 제공한 계좌의 우대이율은 최대3회(최고 연1.5%p)까지 가능
단, 총3회 적용된 제공 계좌에 한해 0.5%p 추가제공

4
금리우대쿠폰 : 이 적금의 신규 시 금리우대쿠폰을 적용한 경우 쿠폰 우대금리를 최종이율에 가산
※ 금리우대쿠폰 우대금리는 신규 당시 적용한 쿠폰의 우대금리를 따르며, 세부 사항 (적용방법, 유의사항 등)은 금리우대쿠폰에서 확인 가능
※ 금리우대쿠폰은 신규 시에만 사용 가능하며 중도해지시 미적용",인터넷스마트폰전용,,,1,,"* 만기 : 0.5% [목표금액 50만원 이하시, 초과하면 0.5% 가산]
* 기타 : 0.5% [별모으기 10개 달성시, 20개 달성하면 0.5% 가산]
* 이벤트 : 0.5% [ 추천번호를 다른 사람이 신규 입력시, 총 3번까지 각각 이율 적용 가능[",,,,,,,,,,,0.5%,,0.5%,0.5%,,,,,,
6,경남은행,BNK 위더스(With-Us) 자유적금,자유적립식,2.50%,,,5.00%,,복리,1개월이상 ~ 6개월이내,,,"        
■ 이 예금의 가입자가 아래의 조건을 충족할 경우 우대이율을 제공하며, 중도해지 시에는 우대이율을 제공하지 않습니다.

1
ESG 우대금리
가. 우대금리 : 0.50%
나. 제공조건 : 전입,봉사,기부,헌혈 사실을 인증 시 (주1)
(주1) 전입은 가입일 이전 최근 6개월 내 경남,울산,부산,서울,경기,경북,대구로 전입 사실이 확인 되어야하며 증빙서류(초본 등) 제출은 필수. 기부, 봉사, 헌혈은 가입일 이전 최근 6개월 내 사실이 확인 되어야하며 대상, 금액, 시간등의 최소 기준은 없으며 증빙서류 제출은 필수

2
공동 가입 우대금리 (1회 한정 제공)
가. 우대금리 : 1.50%
나. 제공조건 : 가입 시 추천 번호가 자동 발급되며, 해당 추천 번호를 입력하여 가입하는 추가 고객 발생 시 최초 가입자에게 우대금리 제공

3
신규 고객
가. 우대금리 : 0.50%
나. 제공조건 : 가입일 기준 직전 1년간 경남은행 예ㆍ적금(주택청약 포함) 신규 해지 이력 미 보유 고객 (신규 당일은 체크하지 않음)",인터넷스마트폰영업점,,,2,,"* 환경 : 0.5% [ESG 우대금리, 전입,봉사,기부,헌혈 사실을 인증 시 (주1)]
* 기타 : 1.5% [공동가입 우대금리]
* 최초거래 : 0.5% [ 가입일 기준 직전 1년간 경남은행 예ㆍ적금(주택청약 포함) 신규 해지 이력 미 보유 고객 (신규 당일은 체크하지 않음)]",,,,,0.5%,,,,,,,,,1.5%,,0.5%,,,,
7,중소기업은행,IBK D-day적금,자유적립식,3.45%,,,4.95%,,복리,1개월이상 ~ 6개월이내,,,"1
당행 입출금식 계좌에서 이 적금으로 자동이체를 통해 3회 이상 납입하고 만기일 전일까지 목표금액이상 납입하는 경우 : 1%

2
가입시점에 아래 2가지 조건 중 1가지 이상 충족하는 최초거래 고객인 경우
․ 실명등록일로부터 3개월 이내
․ 가입 직전월 기준 6개월간 총 수신 평잔 ‘0’원 : 0.5%
",인터넷스마트폰전용,,,1,,"* 자동이체 : 1.0% [당행 입출금식 계좌에서 이 적금으로 자동이체를 통해 3회 이상 납입하고 만기일 전일까지 목표금액이상 납입하는 경우]
* 최초거래 : 0.5% [실명등록일로부터 3개월 이내 혹은 가입 직전월 기준 6개월간 총 수신 평잔 ‘0’원 : 0.5%]",,,1.0%,,0.5%,,,,,,,,,,,,,,,
8,토스뱅크 주식회사,토스뱅크 자유 적금,자유적립식,1.50%,,,2.50%,,복리,3개월이상 ~ 6개월이내,,,"	
우대금리 연 1.0%

1
자동이체 저금을 모두 성공한 경우
* 우대금리는 우대조건 달성 후 만기해지 시에만 적용",인터넷스마트폰전용,,,4,,* 자동이체 : 1.0% [ 자동이체 저금을 모두 성공한 경우],,,1.0%,,,,,,,,,,,,,,,,,
9,하나은행,트래블로그 여행 적금,자유적립식,2.00%,,,4.00%,,복리,3개월이상 ~ 6개월이내,,,"아래 우대항목을 충족하는 경우, 최대 연 2.00%의 우대금리를 만기해지시 제공 (단, 중도해지시 미적용)

1
트래블로그 카드 사용실적(최대 연 1.80%)
- 이 예금 가입일로부터 만기 전전일 기준, 하나은행 입출금통장으로 결제(충전)계좌를 등록하고, 트래블로그(신용 및 체크) 카드 사용(승인)실적*을 10회 이상 보유한 경우
* 트래블로그 카드 승인시점에 결제(충전)계좌가 하나은행으로 등록된 건만 인정
【예시】 하나은행 결제계좌 등록(변경)전, 미용실에서 사용(승인)한 경우 미인정 : 1.8%

2
이 예금 가입전 하나은행 상품,서비스 마케팅 동의 항목 모두를 동의한 경우 : 0.1%

3
이 예금 가입 전 하나원큐 마케팅Push알림을 동의한 경우 : 0.1%",인터넷스마트폰전용,,,1,,"* 카드실적 : 1.8% [하나은행 입출금 통장으로 계좌 등록 후 트래블로그 카드사용(승인)실적*을 10회 이상 보유한 경우]
* 마케팅동의 : 0.1% [이 예금 가입전 하나은행 상품,서비스 마케팅 동의 항목 모두를 동의한 경우시,하나원큐 마케팅Push알림을 동의한 경우 0.1% 가산 가능]",,0.1%,,1.8%,,,,,,,,,,,,,,,,
10,농협은행주식회사,NH올원e 미니적금,자유적립식,2.70%,,,4.40%,,복리,1개월이상 ~ 3개월이내,,,"        
우대금리 최고 연 1.70%p(세전, 우대조건을 충족하는 경우 만기해지 시 적용)

1
자동이체를 통한 입금 횟수(휴일 제외)
5회 연0.20%, 10회 연0.30%, 15회 연 0.50%
* 농협은행 입출식 계좌를 출금계좌로 하는 자동이체 적금 납입

2
농협은행 입출식 계좌에서 이 적금으로 자동이체를 10회 이상 납입하고 만기일 전일까지 목표금액 이상 납입하는 경우(자동이체를 통한 입금횟수가 10회 미만인 경우 우대금리 미적용)
※ 목표금액 : 가입시점에 고객이 별도 설정하고, 설정 이후 변경 불가하며, 목표금액의 범위는 다음과 같이 설정 가능(만원 단위)
- 최소금액 : 10만원 이상
- 최대금액 : [일 적립금액 한도 5만원 × 계약기간 중 신규일 및 만기일을 제외한 영업일 수]
* 영업일 : 대통령령에 의한 관공서의 공휴일, 토요일, 근로자의 날을 제외한 날 : 0.5%

3
청년(MZ세대) 우대금리(가입일 기준 만 19세 ~ 34세 고객) : 0.5%

4
상품가입 직전 1년간 농협은행 예적금(청약포함) 미보유 고객 우대금리 : 0.2%",인터넷스마트폰전용,,,1,,"* 자동이체 : 0.2% [ 5회시, 10회시 0.1% 가산가능, 15회시 0.3.0%가산가능 단 당행은행 계좌 사용]
* 만기 : 0.5% [자동이체 10횡 ㅣ상납입 후 목표 금액 이상 납입시, 목표 최소금액 10만원]
* 나이 : 0.5% [청년(M-Z)세대 우대금리 만 19세 ~ 34세 고객) 
* 최초거래 : 0.2% [ 상품가입 직전 1년간 농협은행 예적금(청약포함) 미보유 고객 우대금리]",,,0.2%,,0.2%,,,,,,0.5%,,,,0.5%,,,,,
11,농협은행주식회사,NH올원e 미니적금,자유적립식,2.80%,,,4.50%,,복리,3개월이상 ~ 6개월이내,,,"	
우대금리 최고 연 1.70%p(세전, 우대조건을 충족하는 경우 만기해지 시 적용)

1
자동이체를 통한 입금 횟수(휴일 제외)
5회 연0.20%, 10회 연0.30%, 15회 연 0.50%
* 농협은행 입출식 계좌를 출금계좌로 하는 자동이체 적금 납입

2
농협은행 입출식 계좌에서 이 적금으로 자동이체를 10회 이상 납입하고 만기일 전일까지 목표금액 이상 납입하는 경우(자동이체를 통한 입금횟수가 10회 미만인 경우 우대금리 미적용)
※ 목표금액 : 가입시점에 고객이 별도 설정하고, 설정 이후 변경 불가하며, 목표금액의 범위는 다음과 같이 설정 가능(만원 단위)
- 최소금액 : 10만원 이상
- 최대금액 : [일 적립금액 한도 5만원 × 계약기간 중 신규일 및 만기일을 제외한 영업일 수]
* 영업일 : 대통령령에 의한 관공서의 공휴일, 토요일, 근로자의 날을 제외한 날 : 0.5%

3
청년(MZ세대) 우대금리(가입일 기준 만 19세 ~ 34세 고객) : 0.5%

4
상품가입 직전 1년간 농협은행 예적금(청약포함) 미보유 고객 우대금리 : 0.2%",인터넷스마트폰전용,,,1,,"* 자동이체 : 0.2% [ 5회시, 10회시 0.1% 가산가능, 15회시 0.3.0%가산가능 단 당행은행 계좌 사용]
* 만기 : 0.5% [자동이체 10횡 ㅣ상납입 후 목표 금액 이상 납입시, 목표 최소금액 10만원]
* 나이 : 0.5% [청년(M-Z)세대 우대금리 만 19세 ~ 34세 고객) 
* 최초거래 : 0.2% [ 상품가입 직전 1년간 농협은행 예적금(청약포함) 미보유 고객 우대금리]",,,0.2%,,0.2%,,,,,,0.5%,,,,0.5%,,,,,
12,상상인플러스저축은행,e-자유적립예금,자유적립식,2.21%,,,2.21%,,복리,1개월,,,우대사항없음,인터넷스마트폰전용,,,4,,우대사항없음,,,,,,,,,,,,,,,,,,,,
13,상상인플러스저축은행,e-자유적립예금,자유적립식,2.31%,,,2.31%,,복리,3개월,,,우대사항없음,인터넷스마트폰전용,,,4,,우대사항없음,,,,,,,,,,,,,,,,,,,,
14,상상인플러스저축은행,자유적립예금,자유적립식,2.01%,,,2.01%,,복리,1개월,,,우대사항없음,인터넷스마트폰전용,,,4,,우대사항없음,,,,,,,,,,,,,,,,,,,,
15,상상인플러스저축은행,자유적립예금,자유적립식,2.11%,,,2.11%,,복리,3개월,,,우대사항없음,인터넷스마트폰전용,,,4,,우대사항없음,,,,,,,,,,,,,,,,,,,,
16,인성저축은행,정기적금,정액적립식,1.80%,,,,,,1개월이상 ~ 6개월이내,,,우대사항없음,영업점방문,,,2,,우대사항없음,,,,,,,,,,,,,,,,,,,,
17,조흥저축은행,정기적금,정액적립식,2.00%,,,,,,1개월이상 ~ 6개월이내,,,우대사항없음,인터넷스마트폰전용,,,5,,우대사항없음,,,,,,,,,,,,,,,,,,,,
18,신한은행,한 달부터 적금 (매일),자유적립식,2.50%,,,4.50%,,복리,1개월이상 ~ 6개월이내,,,"연 2.0% 우대이자율을 납입 주기에 따른 총 납입 회자에 대해 아래의 요건과 같이 납입 달성 시 만기해지 계좌에 대해 적용

1
매주 입금 : 신규~만기까지의 총 납입 회차의 90% 이상 납입 달성 시 연 2.0% 우대이자율 제공 (단, 소수점 이하 내림)
매일 입금 : 신규~만기까지의 총 납입 회차의 80% 이상 납입 달성 시 연 2.0% 우대이자율 제공 (단, 소수점 이하 내림)
※ 주기 경과 시 추가 입금을 하더라도 소급하여 적용하지 않으며, 동일 주기 내 여러 번 입금 하여도 해당 주기 1회차로만 납입 적용됩니다. : 2%",인터넷스마트폰영업점,,,1,,"* 이체횟수 : 2.0% [신규~만기까지의 총 납입 회차의 80% 이상 납입 달성 시 연 2.0% 우대이자율 제공 (단, 소수점 이하 내림)] ",,,,,,,,,,2.0%,,,,,,,,,,
19,신한은행,한 달부터 적금 (매주),자유적립식,2.50%,,,4.50%,,복리,1개월이상 ~ 6개월이내,,,"	
연 2.0% 우대이자율을 납입 주기에 따른 총 납입 회자에 대해 아래의 요건과 같이 납입 달성 시 만기해지 계좌에 대해 적용

1
매주 입금 : 신규~만기까지의 총 납입 회차의 90% 이상 납입 달성 시 연 2.0% 우대이자율 제공 (단, 소수점 이하 내림)
매일 입금 : 신규~만기까지의 총 납입 회차의 80% 이상 납입 달성 시 연 2.0% 우대이자율 제공 (단, 소수점 이하 내림)
※ 주기 경과 시 추가 입금을 하더라도 소급하여 적용하지 않으며, 동일 주기 내 여러 번 입금 하여도 해당 주기 1회차로만 납입 적용됩니다. : 2%",인터넷스마트폰영업점,,,1,,"* 이체횟수 : 2.0% [신규~만기까지의 총 납입 회차의 90% 이상 납입 달성 시 연 2.0% 우대이자율 제공 (단, 소수점 이하 내림)] ",,,,,,,,,,2.0%,,,,,,,,,,
20,상상인저축은행,자유적립예금,자유적립식,2.11%,,,2.11%,,복리,3개월이상 ~ 6개월이내,,,우대사항없음,인터넷스마트폰영업점,,,4,,우대사항없음,,,,,,,,,,,,,,,,,,,,
21,대백저축은행,자유적립예금,자유적립식,3.20%,,,3.20%,,복리,3개월이상 ~ 6개월이내,,,우대사항없음,인터넷스마트폰영업점,,,5,,우대사항없음,,,,,,,,,,,,,,,,,,,,
22,더블저축은행,자유적립예금,자유적립식,0.20%,,,,,,1개월,,,우대사항없음,영업점방문,,,5,,우대사항없음,,,,,,,,,,,,,,,,,,,,
23,더블저축은행,자유적립예금,자유적립식,1.30%,,,,,,3개월,,,우대사항없음,영업점방문,,,5,,우대사항없음,,,,,,,,,,,,,,,,,,,,
24,유니온상호저축은행,자유적립예금,자유적립식,1.50%,,,1.50%,,복리,3개월이상 ~ 6개월이내,,,우대사항없음,영업점방문,,,3,,우대사항없음,,,,,,,,,,,,,,,,,,,,
25,조은저축은행,자유적립예금,자유적립식,1.30%,,,1.30%,,복리,1개월이상 ~ 6개월이내,,,우대사항없음,인터넷스마트폰영업점,,,4,,우대사항없음,,,,,,,,,,,,,,,,,,,,
26,주식회사 케이뱅크,코드K 자유적금,자유적립식,3.30%,,,3.30%,,복리,1개월,,,우대사항없음,인터넷스마트폰영업점,,,2,,우대사항없음,,,,,,,,,,,,,,,,,,,,
27,주식회사 케이뱅크,코드K 자유적금,자유적립식,3.50%,,,3.50%,,복리,3개월,,,우대사항없음,인터넷스마트폰영업점,,,2,,우대사항없음,,,,,,,,,,,,,,,,,,,,
28,부림저축은행,자유 적립예금,자유적립식,2.10%,,,2.10%,,복리,1개월이상 ~ 3개월이내,,,우대사항없음,영업점방문,,,1,,우대사항없음,,,,,,,,,,,,,,,,,,,,
29,부림저축은행,자유 적립예금,자유적립식,2.30%,,,2.30%,,복리,3개월이상 ~ 6개월이내,,,우대사항없음,영업점방문,,,1,,우대사항없음,,,,,,,,,,,,,,,,,,,,
30,동원제일저축은행,자유적립예금,자유적립식,3.00%,,,3.00%,,복리,3개월이상 ~ 6개월이내,,,우대사항없음,영업점방문,,,4,,우대사항없음,,,,,,,,,,,,,,,,,,,,
31,스타저축은행,자유적립예금,자유적립식,1.00%,,,1.00%,,복리,1개월,,,우대사항없음,인터넷스마트폰영업점,,,3,,우대사항없음,,,,,,,,,,,,,,,,,,,,
32,스타저축은행,자유적립예금,자유적립식,2.00%,,,2.00%,,복리,3개월,,,우대사항없음,인터넷스마트폰영업점,,,3,,우대사항없음,,,,,,,,,,,,,,,,,,,,
33,안양저축은행,자유적립예금,자유적립식,0.50%,,,0.50%,,복리,1개월이내,,,우대사항없음,영업점방문,,,3,,우대사항없음,,,,,,,,,,,,,,,,,,,,
34,안양저축은행,자유적립예금,자유적립식,2.80%,,,2.80%,,복리,1개월이상 ~ 3개월이내,,,우대사항없음,영업점방문,,,3,,우대사항없음,,,,,,,,,,,,,,,,,,,,
35,안양저축은행,자유적립예금,자유적립식,3.00%,,,3.00%,,복리,3개월이상 ~ 6개월이내,,,우대사항없음,영업점방문,,,3,,우대사항없음,,,,,,,,,,,,,,,,,,,,
36,인천저축은행,자유적립예금,자유적립식,2.00%,,,2.00%,,복리,1개월,,,우대사항없음,인터넷스마트폰영업점,,,3,,우대사항없음,,,,,,,,,,,,,,,,,,,,
37,인천저축은행,자유적립예금,자유적립식,2.00%,,,2.00%,,복리,2개월,,,우대사항없음,인터넷스마트폰영업점,,,3,,우대사항없음,,,,,,,,,,,,,,,,,,,,
38,인천저축은행,자유적립예금,자유적립식,2.50%,,,2.50%,,복리,3개월이상 ~ 6개월이내,,,우대사항없음,인터넷스마트폰영업점,,,3,,우대사항없음,,,,,,,,,,,,,,,,,,,,
39,푸른상호저축은행,자유적립예금,자유적립식,3.30%,,,3.30%,,복리,1개월,,,우대사항없음,인터넷스마트폰전용,,,1,,우대사항없음,,,,,,,,,,,,,,,,,,,,
40,푸른상호저축은행,자유적립예금,자유적립식,3.30%,,,3.30%,,복리,2개월,,,우대사항없음,인터넷스마트폰전용,,,1,,우대사항없음,,,,,,,,,,,,,,,,,,,,
41,푸른상호저축은행,자유적립예금,자유적립식,3.40%,,,3.40%,,복리,3개월,,,우대사항없음,인터넷스마트폰전용,,,1,,우대사항없음,,,,,,,,,,,,,,,,,,,,
42,키움저축은행,자유적립예금,자유적립식,2.50%,,,2.50%,,복리,3개월,,,우대사항없음,영업점방문,,,3,,우대사항없음,,,,,,,,,,,,,,,,,,,,
43,더케이저축은행,e-자유적립예금,자유적립식,1.10%,,,1.20%,,복리,3개월이상 ~ 6개월이내,,,우대사항없음,인터넷스마트폰전용,,,4,,* 비대면 : 0.1% [,,,,,,,0.1%,,,,,,,,,,,,,
44,디에이치저축은행,자유적립예금,자유적립식,2.40%,,,2.40%,,복리,3개월,,,우대사항없음,인터넷스마트폰영업점,,,4,,우대사항없음,,,,,,,,,,,,,,,,,,,,
45,금화저축은행,자유적립예금,자유적립식,2.00%,,,2.00%,,복리,1개월,,,우대사항없음,인터넷스마트폰영업점,,,1,,우대사항없음,,,,,,,,,,,,,,,,,,,,
46,금화저축은행,자유적립예금,자유적립식,2.70%,,,2.70%,,복리,3개월,,,우대사항없음,인터넷스마트폰영업점,,,1,,우대사항없음,,,,,,,,,,,,,,,,,,,,
47,더케이저축은행,자유적립예금,자유적립식,1.10%,,,1.10%,,복리,3개월이상 ~ 6개월이내,,,우대사항없음,영업점방문,,,4,,우대사항없음,,,,,,,,,,,,,,,,,,,,
48,민국저축은행,자유적립예금,자유적립식,1.80%,,,1.80%,,복리,3개월,,,우대사항없음,영업점방문,,,1,,우대사항없음,,,,,,,,,,,,,,,,,,,,
49,웰컴저축은행,자유적립예금,자유적립식,1.30%,,,1.30%,,복리,3개월이상 ~ 6개월이내,,,우대사항없음,영업점방문,,,2,,우대사항없음,,,,,,,,,,,,,,,,,,,,
50,조흥저축은행,자유적립예금,자유적립식,0.80%,,,0.80%,,복리,1개월이상 ~ 6개월이내,,,우대사항없음,인터넷스마트폰영업점,,,5,,우대사항없음,,,,,,,,,,,,,,,,,,,,
51,조흥저축은행,자유적립예금,자유적립식,2.50%,,,2.50%,,복리,3개월이상 ~ 6개월이내,,,우대사항없음,인터넷스마트폰영업점,,,5,,우대사항없음,,,,,,,,,,,,,,,,,,,,
52,키움예스저축은행,자유적립예금,자유적립식,1.20%,,,1.20%,,복리,1개월,,,우대사항없음,인터넷스마트폰영업점,,,4,,우대사항없음,,,,,,,,,,,,,,,,,,,,
53,키움예스저축은행,자유적립예금,자유적립식,1.30%,,,1.30%,,복리,3개월,,,우대사항없음,인터넷스마트폰영업점,,,4,,우대사항없음,,,,,,,,,,,,,,,,,,,,
54,국제저축은행,자유적립예금,자유적립식,1.00%,,,1.00%,,복리,1개월,,,우대사항없음,인터넷스마트폰영업점,,,2,,우대사항없음,,,,,,,,,,,,,,,,,,,,
55,국제저축은행,자유적립예금,자유적립식,2.00%,,,2.00%,,복리,3개월,,,우대사항없음,인터넷스마트폰영업점,,,2,,우대사항없음,,,,,,,,,,,,,,,,,,,,
56,남양저축은행,자유적립예금,자유적립식,2.00%,,,2.00%,,복리,3개월이상 ~ 6개월이내,,,우대사항없음,인터넷스마트폰영업점,,,1,,우대사항없음,,,,,,,,,,,,,,,,,,,,
57,남양저축은행,자유적립예금,자유적립식,2.50%,,,2.50%,,복리,3개월이상 ~ 6개월이내,,,우대사항없음,인터넷스마트폰영업점,,,1,,우대사항없음,,,,,,,,,,,,,,,,,,,,
58,삼정저축은행,자유적립예금,자유적립식,2.60%,,,2.60%,,복리,3개월,,,우대사항없음,인터넷스마트폰영업점,,,1,,우대사항없음,,,,,,,,,,,,,,,,,,,,
59,아산저축은행,자유적립예금,자유적립식,2.00%,,,2.00%,,복리,3개월,,,우대사항없음,인터넷스마트폰영업점,,,3,,우대사항없음,,,,,,,,,,,,,,,,,,,,
60,평택상호저축은행,자유적립예금,자유적립식,2.60%,,,2.60%,,복리,3개월이상 ~ 6개월이내,,,우대사항없음,인터넷스마트폰영업점,,,2,,우대사항없음,,,,,,,,,,,,,,,,,,,,
61,오성저축은행,정기적금(디지털뱅킹),정액적립식,0.00%,,,0,,복리,1개월,,,우대사항없음,인터넷스마트폰전용,,,3,,우대사항없음,,,,,,,,,,,,,,,,,,,,
62,오성저축은행,정기적금(디지털뱅킹),정액적립식,0.00%,,,0.00%,,복리,3개월,,,우대사항없음,인터넷스마트폰전용,,,3,,우대사항없음,,,,,,,,,,,,,,,,,,,,
63,오성저축은행,플러스정기적금,정액적립식,0.00%,,,0.00%,,복리,1개월,,,우대사항없음,인터넷스마트폰영업점,,,3,,우대사항없음,,,,,,,,,,,,,,,,,,,,
64,오성저축은행,플러스정기적금,정액적립식,0.00%,,,0.00%,,복리,3개월,,,우대사항없음,인터넷스마트폰영업점,,,3,,우대사항없음,,,,,,,,,,,,,,,,,,,,
65,에스비아이저축은행,자유적금,자유적립식,2.95%,,,3.10%,,복리,3개월이상 ~ 6개월이내,,,"1
비대면(APP/PC WEB)으로 가입시 : 0.1%

2
자동연장 재예치시 0.05%p를 만기적용금리에 가산(재예치 한 예금의 만기시 가산)

3
금리쿠폰 사용 시 당행에서 발급한 쿠폰 우대금리 적용",인터넷스마트폰전용,,,2,,"* 비대면 : 0.1% [비대면(APP/PC WEB)으로 가입시]
* 해당은행 : 0.05% [자동연장 재예치시 만기적용금리에 가산(재예치 한 예금의 만기시 가산)]",,,,,,,0.1%,,0.05%,,,,,,,,,,,
66,하나은행,하나 타이밍 적금,자유적립식,2.95%,,,3.95%,,복리,1개월이상 ~ 6개월이내,,,"최대 연1.00% (단, 중도해지 시에는 미적용)

1
이 예금 만기일 전일까지 타이밍 버튼을 통해 입금한 횟수에 따라 우대금리 제공
- 5회~9회: 0.10%, 10회~14회: 0.20%, 15회~19회: 0.30%, 20회~24회: 0.40%
- 25회~29회: 0.50%, 30회~34회: 0.60%, 35회~39회: 0.70%, 40회 이상: 0.80%
※ 타이밍 버튼 입금은 1일 최대 30회까지만 가능하며 입금횟수는 만기전일까지 집계하여 우대금리 제공(타이밍 버튼 입금을 제외한 자동이체, 영업점/인터넷/스마트폰뱅킹 등으로 입금한 금액은 타이밍 버튼 입금 횟수에 포함되지 않음)

2
이 예금 가입시 부여되는 추천번호를 친구가 이 예금 상품 가입시 등록하면 본인 및 가입한 친구의 예금에 각각 제공. 단, 최초 가입 계약기간에 한함(재예치 제외)
또는 이 예금을 만기 재예치시
※ 중복적용불가 : 0.1%

3
하나은행 입출금통장에서 1회 이상 자동이체로 납입한 경우 : 0.1%

4
금리우대쿠폰을 발급받을 경우 기본금리에 가산하여 우대금리를 지급하며, 금리우대쿠폰의 금리는 하나원큐 내 쿠폰함 또는 상품 가입시 제공되는 쿠폰의 우대금리를 따릅니다. 단, 신규 가입시에만 쿠폰사용이 가능하며, 재예치 또는 중도해지시에는 적용되지 않습니다.",인터넷스마트폰전용,,,1,,"* 자동이체 : 0.01% [5~9회시, 횟수별 우대금리 최대 0.8%(40회이상) 까지 가능
* 기타 : 0.1% [친구 추천, 단 최초거래시]
* 자동이체 : 0.1% [하나은행 입출금통장에서 1회이상 자동이체로 납입한 경우]",,,0.1%,,,,,,,,,,,0.1%,,,,,,
67,에스비아이저축은행,자유적립식예금(변동금리),자유적립식,2.85%,,,2.85%,,복리,3개월이상 ~ 6개월이내,,,우대사항없음,영업점방문,,,2,,우대사항없음,,,,,,,,,,,,,,,,,,,,
68,한국투자저축은행,자유적립예금,자유적립식,2.20%,,,2.20%,,복리,3개월이상 ~ 6개월이내,,,우대사항없음,인터넷스마트폰영업점,,,1,,우대사항없음,,,,,,,,,,,,,,,,,,,,
69,비엔케이저축은행,자유적립예금,자유적립식,2.20%,,,2.20%,,복리,3개월이상 ~ 6개월이내,,,우대사항없음,인터넷스마트폰영업점,,,4,,우대사항없음,,,,,,,,,,,,,,,,,,,,
70,드림저축은행,자유적립예금,자유적립식,2.00%,,,2.00%,,복리,3개월이상 ~ 6개월이내,,,우대사항없음,인터넷스마트폰전용,,,3,,우대사항없음,,,,,,,,,,,,,,,,,,,,
71,참저축은행,자유적립예금,자유적립식,2.50%,,,2.50%,,복리,3개월,,,우대사항없음,인터넷스마트폰영업점,,,5,,우대사항없음,,,,,,,,,,,,,,,,,,,,
72,아이비케이저축은행,참~똑똑한 IBK저축은행 자유적립예금,자유적립식,2.00%,,,2.00%,,복리,3개월이상 ~ 6개월이내,,,우대사항없음,인터넷스마트폰영업점,,,5,,우대사항없음,,,,,,,,,,,,,,,,,,,,
73,한국산업은행,KDB 자유적금,자유적립식,3.18%,,,3.18%,,복리,1개월이상 ~ 6개월이내,,,우대사항없음,인터넷스마트폰영업점,,,2,,우대사항없음,,,,,,,,,,,,,,,,,,,,
74,케이비저축은행,자유적립예금,자유적립식,2.30%,,,2.30%,,복리,3개월,,,우대사항없음,인터넷스마트폰영업점,,,4,,우대사항없음,,,,,,,,,,,,,,,,,,,,
75,하나저축은행,자유적립예금,자유적립식,1.10%,,,1.10%,,복리,1개월,,,우대사항없음,인터넷스마트폰영업점,,,3,,우대사항없음,,,,,,,,,,,,,,,,,,,,
76,하나저축은행,자유적립예금,자유적립식,2.80%,,,2.80%,,복리,3개월,,,우대사항없음,인터넷스마트폰영업점,,,3,,우대사항없음,,,,,,,,,,,,,,,,,,,,
77,전북은행,JB 마이플랜 적금,자유적립식,2.70%,,,3.40%,,복리,1개월이상 ~ 6개월이내,,,"우대조건 충족시 최고 연 0.70% 이내 (단, 우대이율은 만기해지시 제공)

1
예금 신규시점 기준 「JB 마이플랜 통장」또는「JB 주거래 통장」보유한 고객 : 0.1%

2
예금 신규시점 기준 마케팅 활용 [개인(신용)정보 수집·이용·제공 동의서(상품서비스 안내 등)] 동의한 경우 (다만, 상품서비스 안내수단 전체 동의한 경우에 한함) : 0.1%

3
예금 신규시점 기준「자동이체 플랜 서비스」신청한 경우 : 0.1%

4
예금 신규시점 기준 최초 고객 신규 또는 최근 1개월내 적립식 예금 (외화예금, 신탁, 수익증권 제외) 거래가 없는 고객 : 0.1%

5
예금 만기일 기준 계약기간별 예금잔액 우대
6개월 : 만기일 기준 이 예금의 잔액이 2백만원 이상일 경우 연 0.10%
1년 : 만기일 기준 이 예금의 잔액이 4백만원 이상일 경우 연 0.20%
2년 : 만기일 기준 이 예금의 잔액이 8백만원 이상일 경우 연 0.30%",인터넷스마트폰전용,,,2,,"* 해당은행 : 0.1% [예금 신규시점 기준 「JB 마이플랜 통장」또는「JB 주거래 통장」보유한 고객] 
* 마케팅동의 : 0.1% [예금 신규시점 기준 마케팅 활용 [개인(신용)정보 수집·이용·제공 동의서(상품서비스 안내 등)] 동의한 경우 (다만, 상품서비스 안내수단 전체 동의한 경우에 한함)]
* 최초거래 : 0.1% [예금 신규시점 기준 최초 고객 신규 또는 최근 1개월내 적립식 예금 (외화예금, 신탁, 수익증권 제외) 거래가 없는 고객이 가입시]
* 자동이체 : 0.1% [예금 신규시점 기준 「자동이체 플랜 서비스」신청한 경우]
* 만기 : 0.1% [만기일 기준 이 예금의 잔액이 2백만원 이상일 경우]",,0.1%,0.1%,,0.1%,,,,0.1%,,0.1%,,,,,,,,,
78,중소기업은행,IBK월복리자유적금,자유적립식,3.40%,,,3.40%,,복리,5개월이상 ~ 6개월이내,,,우대사항없음,인터넷스마트폰영업점,,,1,,우대사항없음,,,,,,,,,,,,,,,,,,,,
79,예가람저축은행,자유적립예금,자유적립식,1.00%,,,1.00%,,복리,1개월이상 ~ 6개월이내,,,우대사항없음,인터넷스마트폰영업점,,,3,,우대사항없음,,,,,,,,,,,,,,,,,,,,
80,예가람저축은행,자유적립예금,자유적립식,2.10%,,,2.10%,,복리,3개월이상 ~ 6개월이내,,,우대사항없음,인터넷스마트폰영업점,,,3,,우대사항없음,,,,,,,,,,,,,,,,,,,,
81,전북은행,JB저금통적금(자유적립식),자유적립식,3.50%,,,3.50%,,복리, 6개월,,,우대사항없음,인터넷스마트폰영업점,,,2,,우대사항없음,,,,,,,,,,,,,,,,,,,,
82,에스앤티저축은행,자유적립예금,자유적립식,1.50%,,,1.50%,,복리,1개월,,,우대사항없음,영업점방문,,,3,,우대사항없음,,,,,,,,,,,,,,,,,,,,
83,에스앤티저축은행,자유적립예금,자유적립식,1.50%,,,1.50%,,복리,2개월,,,우대사항없음,영업점방문,,,3,,우대사항없음,,,,,,,,,,,,,,,,,,,,
84,에스앤티저축은행,자유적립예금,자유적립식,2.50%,,,2.50%,,복리,3개월,,,우대사항없음,영업점방문,,,3,,우대사항없음,,,,,,,,,,,,,,,,,,,,
85,중소기업은행,정기적금[정액적금],정액적립식,3.20%,,,3.20%,,복리,1개월이상 ~ 6개월이내,,,우대사항없음,인터넷스마트폰영업점,,,1,,우대사항없음,,,,,,,,,,,,,,,,,,,,
86,경남은행,정기적금,정액적립식,2.40%,,,2.40%,,복리,1개월이상 ~ 6개월이내,,,우대사항없음,인터넷스마트폰영업점,,,2,,우대사항없음,,,,,,,,,,,,,,,,,,,,
87,바로저축은행,SB톡톡 정기적금,정액적립식,0.00%,,,0.00%,,복리,1개월,,,우대사항없음,인터넷스마트폰전용,,,3,,우대사항없음,,,,,,,,,,,,,,,,,,,,
88,바로저축은행,SB톡톡 정기적금,정액적립식,0.00%,,,0.00%,,복리,3개월,,,우대사항없음,인터넷스마트폰전용,,,3,,우대사항없음,,,,,,,,,,,,,,,,,,,,
89,바로저축은행,스마트정기적금,정액적립식,0.00%,,,0.00%,,복리,1개월,,,우대사항없음,인터넷스마트폰전용,,,3,,우대사항없음,,,,,,,,,,,,,,,,,,,,
90,바로저축은행,스마트정기적금,정액적립식,0.00%,,,0.00%,,복리,3개월,,,우대사항없음,인터넷스마트폰전용,,,3,,우대사항없음,,,,,,,,,,,,,,,,,,,,
91,융창저축은행,자유적립예금,자유적립식,0.20%,,,0.20%,,복리,1개월이내,,,우대사항없음,인터넷스마트폰영업점,,,5,,우대사항없음,,,,,,,,,,,,,,,,,,,,
92,융창저축은행,자유적립예금,자유적립식,1.50%,,,1.50%,,복리,1개월이상 ~ 6개월이내,,,우대사항없음,인터넷스마트폰영업점,,,5,,우대사항없음,,,,,,,,,,,,,,,,,,,,
93,융창저축은행,자유적립예금,자유적립식,1.70%,,,1.70%,,복리,3개월이상 ~ 6개월이내,,,우대사항없음,인터넷스마트폰영업점,,,5,,우대사항없음,,,,,,,,,,,,,,,,,,,,
94,바로저축은행,정기적금,정액적립식,0.00%,,,0.00%,,복리,1개월,,,우대사항없음,영업점방문,,,3,,우대사항없음,,,,,,,,,,,,,,,,,,,,
95,바로저축은행,정기적금,정액적립식,0.00%,,,0.00%,,복리,3개월,,,우대사항없음,영업점방문,,,3,,우대사항없음,,,,,,,,,,,,,,,,,,,,
96,국민은행,KB상호부금(자유적립식),자유적립식,0.75%,,,0.75%,,복리,1개월이상 ~ 3개월이내,,,"우대이율 최고 연0.4%p

1
전회차 저축한 계좌 중 자동이체, 자동화기기, KB스타뱅킹 및 인터넷뱅킹 등을 이용하여 2/3 이상 저축한 만기계좌에 대하여 상기 기본이율과는 별도로 연 0.1%p 추가지급
(※ 계약기간에 해당하는 월차이상을 납입한 계좌 중 납입 회차의 2/3이상 창구 이외의 채널을 이용하여 입금할 경우 적용
o 단, 계약기간이 1년 미만인 경우에는 계약기간 해당 월차에 모두 자동이체할 경우 우대이율 적용)

2
직장인우대종합통장 보유고객이 인터넷뱅킹(KB스타뱅킹 포함)으로 가입시 : 0.3%

3
명품여성종합통장 보유고객이 인터넷뱅킹(KB스타뱅킹 포함)으로 가입시 : 0.3%",인터넷스마트폰영업점,,,1,,우대사항없음,,,,,,,,,,,,,,,,,,,,
97,국민은행,KB상호부금(자유적립식),자유적립식,1.90%,,,2.30%,,복리,3개월이상 ~ 6개월이내,,,"우대이율 최고 연0.4%p

1
전회차 저축한 계좌 중 자동이체, 자동화기기, KB스타뱅킹 및 인터넷뱅킹 등을 이용하여 2/3 이상 저축한 만기계좌에 대하여 상기 기본이율과는 별도로 연 0.1%p 추가지급
(※ 계약기간에 해당하는 월차이상을 납입한 계좌 중 납입 회차의 2/3이상 창구 이외의 채널을 이용하여 입금할 경우 적용
o 단, 계약기간이 1년 미만인 경우에는 계약기간 해당 월차에 모두 자동이체할 경우 우대이율 적용)

2
직장인우대종합통장 보유고객이 인터넷뱅킹(KB스타뱅킹 포함)으로 가입시 : 0.3%

3
명품여성종합통장 보유고객이 인터넷뱅킹(KB스타뱅킹 포함)으로 가입시 : 0.3%",인터넷스마트폰영업점,,,1,,"* 자동이체 : 0.1% [ 계약기간 해당 월차에 모두 자동이체할 경우 우대이율 적용]
* 해당은행 : 0.3.0%[직장인 우대종합통장 혹은 명품여성종합통장 보유고객이 인터넷 및 스마트폰뱅킹으로 가입시]",,,0.1%,,,,,,3.0%,,,,,,,,,,,
98,대신저축은행,자유적립예금,자유적립식,1.60%,,,1.60%,,복리,3개월,,,우대사항없음,영업점방문,,,4,,우대사항없음,,,,,,,,,,,,,,,,,,,,
99,신한은행,정기적금,정액적립식,2.20%,,,2.20%,,복리,1개월이상 ~ 6개월이내,,,우대사항없음,영업점방문,,,1,,우대사항없음,,,,,,,,,,,,,,,,,,,,
100,신한은행,정기적금,정액적립식,2.20%,,,2.20%,,복리,3개월이상 ~ 6개월이내,,,우대사항없음,영업점방문,,,1,,우대사항없음,,,,,,,,,,,,,,,,,,,,
101,제이티저축은행,자유적립예금,자유적립식,2.10%,,,2.10%,,복리,3개월이상 ~ 6개월이내,,,우대사항없음,영업점방문,,,5,,우대사항없음,,,,,,,,,,,,,,,,,,,,
102,애큐온저축은행,정기적금,정액적립식,1.40%,,,1.50%,,복리,100일,,,"	
1
인터넷뱅킹으로 신규 가입 : 0.05%

2
모바일뱅킹으로 신규 가입 : 0.1%",인터넷스마트폰영업점,,,4,,"* 비대면 : 0.05% [인터넷뱅킹으로 가입시, 모바일로 가입시 0.05% 가산가능]",,,,,,,0.05%,,,,,,,,,,,,,
103,진주저축은행,신용부금,정액적립식,1.00%,,,1.00%,,단리,3개월,,,우대사항없음,인터넷스마트폰영업점,,,5,,우대사항없음,,,,,,,,,,,,,,,,,,,,
104,머스트삼일저축은행,자유적립예금,자유적립식,1.00%,,,1.00%,,복리,3개월,,,우대사항없음,인터넷스마트폰영업점,,,5,,우대사항없음,,,,,,,,,,,,,,,,,,,,
105,영진저축은행,자유적립예금,자유적립식,1.10%,,,1.10%,,복리,1개월이상 ~ 2개월이내,,,우대사항없음,인터넷스마트폰영업점,,,5,,우대사항없음,,,,,,,,,,,,,,,,,,,,
106,영진저축은행,자유적립예금,자유적립식,1.20%,,,1.20%,,복리,3개월이상 ~ 6개월이내,,,우대사항없음,인터넷스마트폰영업점,,,5,,우대사항없음,,,,,,,,,,,,,,,,,,,,
107,라온저축은행,자유적립예금,자유적립식,1.20%,,,1.20%,,복리,3개월,,,우대사항없음,인터넷스마트폰전용,,,5,,우대사항없음,,,,,,,,,,,,,,,,,,,,
108,센트럴저축은행,자유적립예금,자유적립식,1.20%,,,1.20%,,복리,3개월이상 ~ 6개월이내,,,우대사항없음,인터넷스마트폰영업점,,,3,,우대사항없음,,,,,,,,,,,,,,,,,,,,
109,아이비케이저축은행,참~똑똑한 IBK저축은행 신용부금,정액적립식,2.00%,,,2.00%,,복리,3개월이상 ~ 6개월이내,,,우대사항없음,영업점방문,,,5,,우대사항없음,,,,,,,,,,,,,,,,,,,,
110,애큐온저축은행,신용부금,정액적립식,1.10%,,,1.10%,,복리,100일,,,우대사항없음,영업점방문,,,4,,우대사항없음,,,,,,,,,,,,,,,,,,,,
